{
	"credit": "Made with Blockbench",
	"texture_size": [32, 32],
	"textures": {
		"0": "./pel",
		"particle": "./pel"
	},
	"elements": [
		{
			"from": [5, 0, 5],
			"to": [11, 1, 11],
			"faces": {
				"north": {"uv": [3, 0, 6, 0.5], "texture": "#0"},
				"east": {"uv": [3, 0.5, 6, 1], "texture": "#0"},
				"south": {"uv": [3, 1, 6, 1.5], "texture": "#0"},
				"west": {"uv": [3, 1.5, 6, 2], "texture": "#0"},
				"up": {"uv": [3, 3, 0, 0], "texture": "#0"},
				"down": {"uv": [3, 3, 0, 6], "texture": "#0"}
			}
		},
		{
			"from": [5, 1, 4],
			"to": [11, 2, 5],
			"faces": {
				"north": {"uv": [5, 4, 8, 4.5], "texture": "#0"},
				"east": {"uv": [5, 6.5, 5.5, 7], "texture": "#0"},
				"south": {"uv": [5, 4.5, 8, 5], "texture": "#0"},
				"west": {"uv": [5.5, 6.5, 6, 7], "texture": "#0"},
				"up": {"uv": [8, 5.5, 5, 5], "texture": "#0"},
				"down": {"uv": [8, 5.5, 5, 6], "texture": "#0"}
			}
		},
		{
			"from": [5, 1, 11],
			"to": [11, 2, 12],
			"faces": {
				"north": {"uv": [0, 6, 3, 6.5], "texture": "#0"},
				"east": {"uv": [6, 6.5, 6.5, 7], "texture": "#0"},
				"south": {"uv": [6, 0, 9, 0.5], "texture": "#0"},
				"west": {"uv": [6.5, 6.5, 7, 7], "texture": "#0"},
				"up": {"uv": [9, 1, 6, 0.5], "texture": "#0"},
				"down": {"uv": [9, 1, 6, 1.5], "texture": "#0"}
			}
		},
		{
			"from": [4, 1, 5],
			"to": [5, 2, 11],
			"faces": {
				"north": {"uv": [1, 6.5, 1.5, 7], "texture": "#0"},
				"east": {"uv": [3, 2, 6, 2.5], "texture": "#0"},
				"south": {"uv": [1.5, 6.5, 2, 7], "texture": "#0"},
				"west": {"uv": [3, 2.5, 6, 3], "texture": "#0"},
				"up": {"uv": [3.5, 6, 3, 3], "texture": "#0"},
				"down": {"uv": [4, 3, 3.5, 6], "texture": "#0"}
			}
		},
		{
			"from": [11, 1, 5],
			"to": [12, 2, 11],
			"faces": {
				"north": {"uv": [2, 6.5, 2.5, 7], "texture": "#0"},
				"east": {"uv": [4, 3, 7, 3.5], "texture": "#0"},
				"south": {"uv": [2.5, 6.5, 3, 7], "texture": "#0"},
				"west": {"uv": [4, 3.5, 7, 4], "texture": "#0"},
				"up": {"uv": [4.5, 7, 4, 4], "texture": "#0"},
				"down": {"uv": [5, 4, 4.5, 7], "texture": "#0"}
			}
		},
		{
			"from": [5.2, 1.3, 9.2],
			"to": [6.8, 1.6, 10.8],
			"rotation": {"angle": -22.5, "axis": "y", "origin": [6, 1.475, 10]},
			"faces": {
				"north": {"uv": [6, 2.5, 7, 3], "texture": "#0"},
				"east": {"uv": [5, 6, 6, 6.5], "texture": "#0"},
				"south": {"uv": [6, 6, 7, 6.5], "texture": "#0"},
				"west": {"uv": [0, 6.5, 1, 7], "texture": "#0"},
				"up": {"uv": [7, 2.5, 6, 1.5], "texture": "#0"},
				"down": {"uv": [4, 6, 3, 7], "texture": "#0"}
			}
		},
		{
			"from": [5.5, 1, 9.5],
			"to": [6.5, 2, 10.5],
			"rotation": {"angle": -22.5, "axis": "y", "origin": [6, 1.475, 10]},
			"faces": {
				"north": {"uv": [0, 7, 0.5, 7.5], "texture": "#0"},
				"east": {"uv": [0.5, 7, 1, 7.5], "texture": "#0"},
				"south": {"uv": [1, 7, 1.5, 7.5], "texture": "#0"},
				"west": {"uv": [1.5, 7, 2, 7.5], "texture": "#0"},
				"up": {"uv": [7.5, 2, 7, 1.5], "texture": "#0"},
				"down": {"uv": [2.5, 7, 2, 7.5], "texture": "#0"}
			}
		},
		{
			"from": [9.5, 1, 6.5],
			"to": [10.5, 2, 7.5],
			"rotation": {"angle": 22.5, "axis": "y", "origin": [10, 1.475, 7]},
			"faces": {
				"north": {"uv": [0, 7, 0.5, 7.5], "texture": "#0"},
				"east": {"uv": [0.5, 7, 1, 7.5], "texture": "#0"},
				"south": {"uv": [1, 7, 1.5, 7.5], "texture": "#0"},
				"west": {"uv": [1.5, 7, 2, 7.5], "texture": "#0"},
				"up": {"uv": [7.5, 2, 7, 1.5], "texture": "#0"},
				"down": {"uv": [2.5, 7, 2, 7.5], "texture": "#0"}
			}
		},
		{
			"from": [9.2, 1.3, 6.2],
			"to": [10.8, 1.6, 7.8],
			"rotation": {"angle": 22.5, "axis": "y", "origin": [10, 1.475, 7]},
			"faces": {
				"north": {"uv": [6, 2.5, 7, 3], "texture": "#0"},
				"east": {"uv": [5, 6, 6, 6.5], "texture": "#0"},
				"south": {"uv": [6, 6, 7, 6.5], "texture": "#0"},
				"west": {"uv": [0, 6.5, 1, 7], "texture": "#0"},
				"up": {"uv": [7, 2.5, 6, 1.5], "texture": "#0"},
				"down": {"uv": [4, 6, 3, 7], "texture": "#0"}
			}
		},
		{
			"from": [9.5, 1, 9.1],
			"to": [10.5, 2, 10.1],
			"faces": {
				"north": {"uv": [0, 7, 0.5, 7.5], "texture": "#0"},
				"east": {"uv": [0.5, 7, 1, 7.5], "texture": "#0"},
				"south": {"uv": [1, 7, 1.5, 7.5], "texture": "#0"},
				"west": {"uv": [1.5, 7, 2, 7.5], "texture": "#0"},
				"up": {"uv": [7.5, 2, 7, 1.5], "texture": "#0"},
				"down": {"uv": [2.5, 7, 2, 7.5], "texture": "#0"}
			}
		},
		{
			"from": [9.2, 1.3, 8.8],
			"to": [10.8, 1.6, 10.4],
			"faces": {
				"north": {"uv": [6, 2.5, 7, 3], "texture": "#0"},
				"east": {"uv": [5, 6, 6, 6.5], "texture": "#0"},
				"south": {"uv": [6, 6, 7, 6.5], "texture": "#0"},
				"west": {"uv": [0, 6.5, 1, 7], "texture": "#0"},
				"up": {"uv": [7, 2.5, 6, 1.5], "texture": "#0"},
				"down": {"uv": [4, 6, 3, 7], "texture": "#0"}
			}
		},
		{
			"from": [7.9, 1, 7.4],
			"to": [8.9, 2, 8.4],
			"faces": {
				"north": {"uv": [0, 7, 0.5, 7.5], "texture": "#0"},
				"east": {"uv": [0.5, 7, 1, 7.5], "texture": "#0"},
				"south": {"uv": [1, 7, 1.5, 7.5], "texture": "#0"},
				"west": {"uv": [1.5, 7, 2, 7.5], "texture": "#0"},
				"up": {"uv": [7.5, 2, 7, 1.5], "texture": "#0"},
				"down": {"uv": [2.5, 7, 2, 7.5], "texture": "#0"}
			}
		},
		{
			"from": [7.6, 1.3, 7.1],
			"to": [9.2, 1.6, 8.7],
			"faces": {
				"north": {"uv": [6, 2.5, 7, 3], "texture": "#0"},
				"east": {"uv": [5, 6, 6, 6.5], "texture": "#0"},
				"south": {"uv": [6, 6, 7, 6.5], "texture": "#0"},
				"west": {"uv": [0, 6.5, 1, 7], "texture": "#0"},
				"up": {"uv": [7, 2.5, 6, 1.5], "texture": "#0"},
				"down": {"uv": [4, 6, 3, 7], "texture": "#0"}
			}
		},
		{
			"from": [7.9, 1, 5.3],
			"to": [8.9, 2, 6.3],
			"rotation": {"angle": -22.5, "axis": "y", "origin": [8.4, 1.475, 5.8]},
			"faces": {
				"north": {"uv": [0, 7, 0.5, 7.5], "texture": "#0"},
				"east": {"uv": [0.5, 7, 1, 7.5], "texture": "#0"},
				"south": {"uv": [1, 7, 1.5, 7.5], "texture": "#0"},
				"west": {"uv": [1.5, 7, 2, 7.5], "texture": "#0"},
				"up": {"uv": [7.5, 2, 7, 1.5], "texture": "#0"},
				"down": {"uv": [2.5, 7, 2, 7.5], "texture": "#0"}
			}
		},
		{
			"from": [7.6, 1.3, 5],
			"to": [9.2, 1.6, 6.6],
			"rotation": {"angle": -22.5, "axis": "y", "origin": [8.4, 1.475, 5.8]},
			"faces": {
				"north": {"uv": [6, 2.5, 7, 3], "texture": "#0"},
				"east": {"uv": [5, 6, 6, 6.5], "texture": "#0"},
				"south": {"uv": [6, 6, 7, 6.5], "texture": "#0"},
				"west": {"uv": [0, 6.5, 1, 7], "texture": "#0"},
				"up": {"uv": [7, 2.5, 6, 1.5], "texture": "#0"},
				"down": {"uv": [4, 6, 3, 7], "texture": "#0"}
			}
		},
		{
			"from": [5.5, 1, 6.3],
			"to": [6.5, 2, 7.3],
			"faces": {
				"north": {"uv": [0, 7, 0.5, 7.5], "texture": "#0"},
				"east": {"uv": [0.5, 7, 1, 7.5], "texture": "#0"},
				"south": {"uv": [1, 7, 1.5, 7.5], "texture": "#0"},
				"west": {"uv": [1.5, 7, 2, 7.5], "texture": "#0"},
				"up": {"uv": [7.5, 2, 7, 1.5], "texture": "#0"},
				"down": {"uv": [2.5, 7, 2, 7.5], "texture": "#0"}
			}
		},
		{
			"from": [5.2, 1.3, 6],
			"to": [6.8, 1.6, 7.6],
			"faces": {
				"north": {"uv": [6, 2.5, 7, 3], "texture": "#0"},
				"east": {"uv": [5, 6, 6, 6.5], "texture": "#0"},
				"south": {"uv": [6, 6, 7, 6.5], "texture": "#0"},
				"west": {"uv": [0, 6.5, 1, 7], "texture": "#0"},
				"up": {"uv": [7, 2.5, 6, 1.5], "texture": "#0"},
				"down": {"uv": [4, 6, 3, 7], "texture": "#0"}
			}
		},
		{
			"from": [5.9, 1, 7.7],
			"to": [6.9, 2, 8.7],
			"faces": {
				"north": {"uv": [0, 7, 0.5, 7.5], "texture": "#0"},
				"east": {"uv": [0.5, 7, 1, 7.5], "texture": "#0"},
				"south": {"uv": [1, 7, 1.5, 7.5], "texture": "#0"},
				"west": {"uv": [1.5, 7, 2, 7.5], "texture": "#0"},
				"up": {"uv": [7.5, 2, 7, 1.5], "texture": "#0"},
				"down": {"uv": [2.5, 7, 2, 7.5], "texture": "#0"}
			}
		},
		{
			"from": [5.6, 1.3, 7.4],
			"to": [7.2, 1.6, 9],
			"faces": {
				"north": {"uv": [6, 2.5, 7, 3], "texture": "#0"},
				"east": {"uv": [5, 6, 6, 6.5], "texture": "#0"},
				"south": {"uv": [6, 6, 7, 6.5], "texture": "#0"},
				"west": {"uv": [0, 6.5, 1, 7], "texture": "#0"},
				"up": {"uv": [7, 2.5, 6, 1.5], "texture": "#0"},
				"down": {"uv": [4, 6, 3, 7], "texture": "#0"}
			}
		},
		{
			"from": [7, 1.5, 6.7],
			"to": [8, 2.5, 7.7],
			"faces": {
				"north": {"uv": [0, 7, 0.5, 7.5], "texture": "#0"},
				"east": {"uv": [0.5, 7, 1, 7.5], "texture": "#0"},
				"south": {"uv": [1, 7, 1.5, 7.5], "texture": "#0"},
				"west": {"uv": [1.5, 7, 2, 7.5], "texture": "#0"},
				"up": {"uv": [7.5, 2, 7, 1.5], "texture": "#0"},
				"down": {"uv": [2.5, 7, 2, 7.5], "texture": "#0"}
			}
		},
		{
			"from": [6.7, 1.8, 6.4],
			"to": [8.3, 2.1, 8],
			"faces": {
				"north": {"uv": [6, 2.5, 7, 3], "texture": "#0"},
				"east": {"uv": [5, 6, 6, 6.5], "texture": "#0"},
				"south": {"uv": [6, 6, 7, 6.5], "texture": "#0"},
				"west": {"uv": [0, 6.5, 1, 7], "texture": "#0"},
				"up": {"uv": [7, 2.5, 6, 1.5], "texture": "#0"},
				"down": {"uv": [4, 6, 3, 7], "texture": "#0"}
			}
		},
		{
			"from": [7.9, 1, 9.7],
			"to": [8.9, 2, 10.7],
			"faces": {
				"north": {"uv": [0, 7, 0.5, 7.5], "texture": "#0"},
				"east": {"uv": [0.5, 7, 1, 7.5], "texture": "#0"},
				"south": {"uv": [1, 7, 1.5, 7.5], "texture": "#0"},
				"west": {"uv": [1.5, 7, 2, 7.5], "texture": "#0"},
				"up": {"uv": [7.5, 2, 7, 1.5], "texture": "#0"},
				"down": {"uv": [2.5, 7, 2, 7.5], "texture": "#0"}
			}
		},
		{
			"from": [7.6, 1.3, 9.4],
			"to": [9.2, 1.6, 11],
			"faces": {
				"north": {"uv": [6, 2.5, 7, 3], "texture": "#0"},
				"east": {"uv": [5, 6, 6, 6.5], "texture": "#0"},
				"south": {"uv": [6, 6, 7, 6.5], "texture": "#0"},
				"west": {"uv": [0, 6.5, 1, 7], "texture": "#0"},
				"up": {"uv": [7, 2.5, 6, 1.5], "texture": "#0"},
				"down": {"uv": [4, 6, 3, 7], "texture": "#0"}
			}
		},
		{
			"from": [8.1, 1.5, 8.6],
			"to": [9.1, 2.5, 9.6],
			"rotation": {"angle": 22.5, "axis": "y", "origin": [8.6, 1.975, 9.1]},
			"faces": {
				"north": {"uv": [0, 7, 0.5, 7.5], "texture": "#0"},
				"east": {"uv": [0.5, 7, 1, 7.5], "texture": "#0"},
				"south": {"uv": [1, 7, 1.5, 7.5], "texture": "#0"},
				"west": {"uv": [1.5, 7, 2, 7.5], "texture": "#0"},
				"up": {"uv": [7.5, 2, 7, 1.5], "texture": "#0"},
				"down": {"uv": [2.5, 7, 2, 7.5], "texture": "#0"}
			}
		},
		{
			"from": [7.8, 1.8, 8.3],
			"to": [9.4, 2.1, 9.9],
			"rotation": {"angle": 22.5, "axis": "y", "origin": [8.6, 1.975, 9.1]},
			"faces": {
				"north": {"uv": [6, 2.5, 7, 3], "texture": "#0"},
				"east": {"uv": [5, 6, 6, 6.5], "texture": "#0"},
				"south": {"uv": [6, 6, 7, 6.5], "texture": "#0"},
				"west": {"uv": [0, 6.5, 1, 7], "texture": "#0"},
				"up": {"uv": [7, 2.5, 6, 1.5], "texture": "#0"},
				"down": {"uv": [4, 6, 3, 7], "texture": "#0"}
			}
		},
		{
			"from": [7, 1, 5],
			"to": [7.4, 1.2, 6],
			"rotation": {"angle": -22.5, "axis": "y", "origin": [7.2, 2.1, 5.5]},
			"faces": {
				"north": {"uv": [3, 11.5, 3.2, 11.6], "texture": "#0"},
				"east": {"uv": [3, 11.5, 3.5, 11.6], "texture": "#0"},
				"south": {"uv": [3, 11.5, 3.2, 11.6], "texture": "#0"},
				"west": {"uv": [3, 11.5, 3.5, 11.6], "texture": "#0"},
				"up": {"uv": [3, 11.5, 3.2, 12], "texture": "#0"},
				"down": {"uv": [3, 11.5, 3.2, 12], "texture": "#0"}
			}
		},
		{
			"from": [10.8, 1, 6.4],
			"to": [11.2, 1.2, 7.4],
			"rotation": {"angle": -22.5, "axis": "y", "origin": [7.2, 2.1, 5.5]},
			"faces": {
				"north": {"uv": [3, 11.5, 3.2, 11.6], "texture": "#0"},
				"east": {"uv": [3, 11.5, 3.5, 11.6], "texture": "#0"},
				"south": {"uv": [3, 11.5, 3.2, 11.6], "texture": "#0"},
				"west": {"uv": [3, 11.5, 3.5, 11.6], "texture": "#0"},
				"up": {"uv": [3, 11.5, 3.2, 12], "texture": "#0"},
				"down": {"uv": [3, 11.5, 3.2, 12], "texture": "#0"}
			}
		},
		{
			"from": [7.0847, 1, 8.71522],
			"to": [7.4847, 1.2, 9.71522],
			"rotation": {"angle": 22.5, "axis": "y", "origin": [7.2847, 1.1, 9.21522]},
			"faces": {
				"north": {"uv": [3, 11.5, 3.2, 11.6], "texture": "#0"},
				"east": {"uv": [3, 11.5, 3.5, 11.6], "texture": "#0"},
				"south": {"uv": [3, 11.5, 3.2, 11.6], "texture": "#0"},
				"west": {"uv": [3, 11.5, 3.5, 11.6], "texture": "#0"},
				"up": {"uv": [3, 11.5, 3.2, 12], "texture": "#0"},
				"down": {"uv": [3, 11.5, 3.2, 12], "texture": "#0"}
			}
		},
		{
			"from": [7.0847, 2, 6.81522],
			"to": [7.4847, 2.2, 7.81522],
			"rotation": {"angle": 22.5, "axis": "y", "origin": [7.2847, 1.1, 9.21522]},
			"faces": {
				"north": {"uv": [3, 11.5, 3.2, 11.6], "texture": "#0"},
				"east": {"uv": [3, 11.5, 3.5, 11.6], "texture": "#0"},
				"south": {"uv": [3, 11.5, 3.2, 11.6], "texture": "#0"},
				"west": {"uv": [3, 11.5, 3.5, 11.6], "texture": "#0"},
				"up": {"uv": [3, 11.5, 3.2, 12], "texture": "#0"},
				"down": {"uv": [3, 11.5, 3.2, 12], "texture": "#0"}
			}
		}
	],
	"display": {
		"thirdperson_righthand": {
			"rotation": [0, 90, 0],
			"translation": [0, 8, 0]
		},
		"thirdperson_lefthand": {
			"rotation": [0, -90, 0],
			"translation": [0, 8, 0]
		},
		"firstperson_righthand": {
			"rotation": [0, 54, 0],
			"translation": [0, 7, -2.25]
		},
		"firstperson_lefthand": {
			"rotation": [0, -129, 0],
			"translation": [0, 7.5, -1.5]
		},
		"ground": {
			"translation": [0, 4.5, 0]
		},
		"gui": {
			"rotation": [32, 115, 0],
			"translation": [0, 8, 0],
			"scale": [1.5, 1.5, 1.5]
		},
		"head": {
			"translation": [-0.25, 14.25, 0]
		},
		"fixed": {
			"rotation": [-90, 0, 0],
			"translation": [0, 0, -11],
			"scale": [1.5, 1.5, 1.5]
		}
	}
}