{
    "providers": [
        {
            "type": "bitmap",
            "file": "minecraft:font/clan-cubiki.png",
            "ascent": 9,
            "height": 10,
            "chars": [
                "\u01C7"
            ]
        },
        {
            "type": "bitmap",
            "file": "minecraft:font/clan-mid.png",
            "ascent": 9,
            "height": 10,
            "chars": [
                "\u0199"
            ]
        },
        {
            "type": "bitmap",
            "file": "minecraft:font/clan-memphis.png",
            "ascent": 9,
            "height": 10,
            "chars": [
                "\u01AB"
            ]
        }
    ]
}