{
    "providers": [
        {
            "type": "bitmap",
            "file": "minecraft:font/clan-cubiki.png",
            "ascent": 8,
            "height": 8,
            "chars": [
                "\u01C7"
            ]
        },
        {
            "type": "bitmap",
            "file": "minecraft:font/clan-led.png",
            "ascent": 8,
            "height": 8,
            "chars": [
                "\u0102"
            ]
        },
        {
            "type": "bitmap",
            "file": "minecraft:font/clan-shlapa.png",
            "ascent": 8,
            "height": 8,
            "chars": [
                "\u015D"
            ]
        },
        {
            "type": "bitmap",
            "file": "minecraft:font/clan-drov.png",
            "ascent": 8,
            "height": 8,
            "chars": [
                "\u016A"
            ]
        },
        {
            "type": "bitmap",
            "file": "minecraft:font/clan-sil.png",
            "ascent": 8,
            "height": 8,
            "chars": [
                "\u01C6"
            ]
        },
        {
            "type": "bitmap",
            "file": "minecraft:font/clan-memphis.png",
            "ascent": 8,
            "height": 8,
            "chars": [
                "\u01C4"
            ]
        },
        {
            "type": "bitmap",
            "file": "minecraft:font/kuber-logo.png",
            "ascent": 20,
            "height": 30,
            "chars": [
                "\u00C6"
				
            ]
        },
        {
            "type": "bitmap",
            "file": "kuber:gui/login.png",
            "ascent": 13,
            "height": 256,
            "chars": [
                "\u0F13"
            ]
        },
        {
            "type": "bitmap",
            "file": "kuber:gui/profile.png",
            "ascent": 13,
            "height": 256,
            "chars": [
                "\u052D"
            ]

        }
    ]
}