{
	"credit": "Made with Blockbench",
	"textures": {
		"0": "./pen",
		"particle": "./pen"
	},
	"elements": [
		{
			"from": [7.5, 0.5, 4],
			"to": [8.5, 1.5, 12],
			"faces": {
				"north": {"uv": [8, 3, 9, 4], "texture": "#0"},
				"east": {"uv": [0, 0, 8, 1], "texture": "#0"},
				"south": {"uv": [7, 8, 8, 9], "texture": "#0"},
				"west": {"uv": [0, 1, 8, 2], "texture": "#0"},
				"up": {"uv": [1, 10, 0, 2], "texture": "#0"},
				"down": {"uv": [2, 2, 1, 10], "texture": "#0"}
			}
		},
		{
			"from": [7.4, 0.7, 5],
			"to": [7.6, 1.3, 11],
			"faces": {
				"north": {"uv": [9, 10, 10, 11], "texture": "#0"},
				"east": {"uv": [2, 2, 8, 3], "texture": "#0"},
				"south": {"uv": [10, 9, 11, 10], "texture": "#0"},
				"west": {"uv": [2, 3, 8, 4], "texture": "#0"},
				"up": {"uv": [3, 10, 2, 4], "texture": "#0"},
				"down": {"uv": [4, 4, 3, 10], "texture": "#0"}
			}
		},
		{
			"from": [8.4, 0.7, 5],
			"to": [8.6, 1.3, 11],
			"faces": {
				"north": {"uv": [10, 10, 11, 11], "texture": "#0"},
				"east": {"uv": [4, 4, 10, 5], "texture": "#0"},
				"south": {"uv": [0, 11, 1, 12], "texture": "#0"},
				"west": {"uv": [4, 5, 10, 6], "texture": "#0"},
				"up": {"uv": [5, 12, 4, 6], "texture": "#0"},
				"down": {"uv": [6, 6, 5, 12], "texture": "#0"}
			}
		},
		{
			"from": [7.7, 1.65, 8.5],
			"to": [8.3, 1.8, 11.4],
			"faces": {
				"north": {"uv": [10, 3, 11, 4], "texture": "#0"},
				"east": {"uv": [6, 6, 9, 7], "texture": "#0"},
				"south": {"uv": [10, 4, 11, 5], "texture": "#0"},
				"west": {"uv": [6, 7, 9, 8], "texture": "#0"},
				"up": {"uv": [9, 3, 8, 0], "texture": "#0"},
				"down": {"uv": [7, 8, 6, 11], "texture": "#0"}
			}
		},
		{
			"from": [7.8, 1.45, 10.8],
			"to": [8.2, 1.7, 11.1],
			"faces": {
				"north": {"uv": [10, 5, 11, 6], "texture": "#0"},
				"east": {"uv": [10, 6, 11, 7], "texture": "#0"},
				"south": {"uv": [7, 10, 8, 11], "texture": "#0"},
				"west": {"uv": [10, 7, 11, 8], "texture": "#0"},
				"up": {"uv": [9, 11, 8, 10], "texture": "#0"},
				"down": {"uv": [11, 8, 10, 9], "texture": "#0"}
			}
		},
		{
			"from": [7.75, 0.75, 12],
			"to": [8.25, 1.25, 13],
			"faces": {
				"north": {"uv": [8, 8, 9, 9], "texture": "#0"},
				"east": {"uv": [9, 0, 10, 1], "texture": "#0"},
				"south": {"uv": [9, 1, 10, 2], "texture": "#0"},
				"west": {"uv": [9, 2, 10, 3], "texture": "#0"},
				"up": {"uv": [10, 4, 9, 3], "texture": "#0"},
				"down": {"uv": [10, 6, 9, 7], "texture": "#0"}
			}
		},
		{
			"from": [7.65, 0.65, 3.6],
			"to": [8.35, 1.35, 4.1],
			"faces": {
				"north": {"uv": [7, 9, 8, 10], "texture": "#0"},
				"east": {"uv": [9, 7, 10, 8], "texture": "#0"},
				"south": {"uv": [8, 9, 9, 10], "texture": "#0"},
				"west": {"uv": [9, 8, 10, 9], "texture": "#0"},
				"up": {"uv": [10, 10, 9, 9], "texture": "#0"},
				"down": {"uv": [1, 10, 0, 11], "texture": "#0"}
			}
		},
		{
			"from": [7.85, 0.85, 2.7],
			"to": [8.15, 1.15, 3.6],
			"faces": {
				"north": {"uv": [10, 0, 11, 1], "texture": "#0"},
				"east": {"uv": [1, 10, 2, 11], "texture": "#0"},
				"south": {"uv": [10, 1, 11, 2], "texture": "#0"},
				"west": {"uv": [2, 10, 3, 11], "texture": "#0"},
				"up": {"uv": [11, 3, 10, 2], "texture": "#0"},
				"down": {"uv": [4, 10, 3, 11], "texture": "#0"}
			}
		}
	],
	"display": {
		"thirdperson_righthand": {
			"rotation": [90, 0, -91],
			"translation": [7, 1.5, -0.5]
		},
		"thirdperson_lefthand": {
			"rotation": [90, 0, 90],
			"translation": [-6.75, 3, -0.25]
		},
		"firstperson_righthand": {
			"rotation": [0, 6, 0],
			"translation": [0, 7, -0.75]
		},
		"firstperson_lefthand": {
			"rotation": [0, 6, 0],
			"translation": [0, 7.5, 0]
		},
		"ground": {
			"translation": [0, 4.5, 0]
		},
		"gui": {
			"rotation": [32, 136, 0],
			"translation": [0, 8.75, 0],
			"scale": [1.5, 1.5, 1.5]
		},
		"head": {
			"translation": [-0.25, 14.25, 0]
		},
		"fixed": {
			"rotation": [91.02, 38.35, -91.6],
			"translation": [7.25, 5.75, 0],
			"scale": [1.3, 1.3, 1.3]
		}
	}
}