{
	"credit": "Made with Blockbench",
	"texture_size": [64, 64],
	"textures": {
		"0": "./freshfox",
		"particle": "./freshfox"
	},
	"elements": [
		{
			"from": [5, 0.25, 4.75],
			"to": [11, 6.25, 10.75],
			"rotation": {"angle": 0, "axis": "x", "origin": [7, 7, 8]},
			"faces": {
				"north": {"uv": [2, 2, 4, 4], "texture": "#0"},
				"east": {"uv": [0, 2, 2, 4], "texture": "#0"},
				"south": {"uv": [6, 2, 8, 4], "texture": "#0"},
				"west": {"uv": [4, 2, 6, 4], "texture": "#0"},
				"up": {"uv": [2, 0, 4, 2], "texture": "#0"},
				"down": {"uv": [4, 0, 6, 2], "texture": "#0"}
			}
		},
		{
			"from": [4.7, 0.05, 4.45],
			"to": [11.2, 6.55, 10.95],
			"rotation": {"angle": 0, "axis": "x", "origin": [7, 7, 8]},
			"faces": {
				"north": {"uv": [10, 2, 12, 4], "texture": "#0"},
				"east": {"uv": [8, 2, 10, 4], "texture": "#0"},
				"south": {"uv": [14, 2, 16, 4], "texture": "#0"},
				"west": {"uv": [12, 2, 14, 4], "texture": "#0"},
				"up": {"uv": [10, 0, 12, 2], "texture": "#0"},
				"down": {"uv": [12, 0, 14, 2], "texture": "#0"}
			}
		}
	],
	"display": {
		"thirdperson_righthand": {
			"rotation": [0, 145, 0],
			"translation": [0, 2.5, 1.25],
			"scale": [0.375, 0.375, 0.375]
		},
		"thirdperson_lefthand": {
			"rotation": [0, 145, 0],
			"translation": [0, 2.5, 1.25],
			"scale": [0.375, 0.375, 0.375]
		},
		"firstperson_righthand": {
			"rotation": [0, 125, 0],
			"translation": [1.13, 4.2, -0.37],
			"scale": [0.7, 0.7, 0.7]
		},
		"firstperson_lefthand": {
			"rotation": [0, 125, 0],
			"translation": [1.13, 4.2, -0.37],
			"scale": [0.7, 0.7, 0.7]
		},
		"ground": {
			"translation": [0, 5.25, 0],
			"scale": [0.4, 0.4, 0.4]
		},
		"gui": {
			"rotation": [30, 225, 0],
			"translation": [-1, 2, 0]
		},
		"head": {
			"translation": [0, 19, 3.5],
			"scale": [1.6, 1.6, 1.6]
		},
		"fixed": {
			"translation": [0, 2.5, 0],
			"scale": [1.3, 1.3, 1.3]
		}
	}
}