{
	"textures": {
		"texture": "bft:item/gui/tip/2"
	},
	"elements": [
		{
			"name": "PlaneX1",
			"from": [7.25, 0, 0],
			"to": [7.251, 16, 16],
			"rotation": {"angle": 0, "axis": "y", "origin": [0, 0, 5]},
			"faces": {
				"east": {"uv": [0, 0, 16, 16], "texture": "#texture"},
				"west": {"uv": [0, 0, 16, 16], "texture": "#texture"}
			}
		}
	],
	"gui_light": "front",
	"display": {
		"ground": {
			"scale": [0, 0, 0]
		},
		"gui": {
			"rotation": [0, -90, 0],
			"translation": [36, 0, -1],
			"scale": [1, 3.39, 3.39]
		}
	}
}