{
	"credit": "Made with Bl",
	"texture_size": [32, 32],
	"textures": {
		"0": "./phone",
		"particle": "./phone"
	},
	"elements": [
		{
			"from": [6.1, 0, 4],
			"to": [10, 1, 11.6],
			"faces": {
				"north": {"uv": [2, 5.5, 4, 6], "texture": "#0"},
				"east": {"uv": [2, 4, 6, 4.5], "texture": "#0"},
				"south": {"uv": [4, 5.5, 6, 6], "texture": "#0"},
				"west": {"uv": [4, 3.5, 8, 4], "texture": "#0"},
				"up": {"uv": [2, 4, 0, 0], "texture": "#0"},
				"down": {"uv": [4, 0, 2, 4], "texture": "#0"}
			}
		},
		{
			"from": [6.1, 1, 4.5],
			"to": [9.9, 1.1, 11.8],
			"faces": {
				"north": {"uv": [6, 2, 8, 2.5], "texture": "#0"},
				"east": {"uv": [2, 4.5, 5.5, 5], "texture": "#0"},
				"south": {"uv": [2.5, 6, 4.5, 6.5], "texture": "#0"},
				"west": {"uv": [2, 5, 5.5, 5.5], "texture": "#0"},
				"up": {"uv": [16, 16, 12, 8.5], "texture": "#0"},
				"down": {"uv": [6, 0, 4, 3.5], "texture": "#0"}
			}
		},
		{
			"from": [8.3, 1, 4.1],
			"to": [9.9, 1.1, 4.5],
			"faces": {
				"north": {"uv": [7, 1, 8, 1.5], "texture": "#0"},
				"east": {"uv": [9.5, 6.5, 10, 7], "texture": "#0"},
				"south": {"uv": [7, 2.5, 8, 3], "texture": "#0"},
				"west": {"uv": [7, 9.5, 7.5, 10], "texture": "#0"},
				"up": {"uv": [16, 9.5, 13.5, 9], "texture": "#0"},
				"down": {"uv": [5, 7, 4, 7.5], "texture": "#0"}
			}
		},
		{
			"from": [7.7, 1, 4.1],
			"to": [8.3, 1.1, 4.2],
			"faces": {
				"north": {"uv": [9.5, 7.5, 10, 8], "texture": "#0"},
				"east": {"uv": [8, 9.5, 8.5, 10], "texture": "#0"},
				"south": {"uv": [9.5, 8, 10, 8.5], "texture": "#0"},
				"west": {"uv": [8.5, 9.5, 9, 10], "texture": "#0"},
				"up": {"uv": [14.5, 8, 14, 7.5], "texture": "#0"},
				"down": {"uv": [9.5, 9.5, 9, 10], "texture": "#0"}
			}
		},
		{
			"from": [6.1, 1, 4.1],
			"to": [7.7, 1.1, 4.5],
			"faces": {
				"north": {"uv": [5, 7, 6, 7.5], "texture": "#0"},
				"east": {"uv": [9.5, 7, 10, 7.5], "texture": "#0"},
				"south": {"uv": [6, 7, 7, 7.5], "texture": "#0"},
				"west": {"uv": [7.5, 9.5, 8, 10], "texture": "#0"},
				"up": {"uv": [14.5, 8, 12, 7.5], "texture": "#0"},
				"down": {"uv": [8, 7, 7, 7.5], "texture": "#0"}
			}
		},
		{
			"from": [7.4, -0.1, 4.5],
			"to": [9.5, 0, 6.6],
			"faces": {
				"north": {"uv": [5.5, 6.5, 6.5, 7], "texture": "#0"},
				"east": {"uv": [6.5, 6.5, 7.5, 7], "texture": "#0"},
				"south": {"uv": [7, 0, 8, 0.5], "texture": "#0"},
				"west": {"uv": [7, 0.5, 8, 1], "texture": "#0"},
				"up": {"uv": [7, 3.5, 6, 2.5], "texture": "#0"},
				"down": {"uv": [5.5, 6, 4.5, 7], "texture": "#0"}
			}
		},
		{
			"from": [8.5, -0.2, 4.6],
			"to": [9.4, -0.1, 5.5],
			"faces": {
				"north": {"uv": [9.5, 2, 10, 2.5], "texture": "#0"},
				"east": {"uv": [2.5, 9.5, 3, 10], "texture": "#0"},
				"south": {"uv": [9.5, 2.5, 10, 3], "texture": "#0"},
				"west": {"uv": [3, 9.5, 3.5, 10], "texture": "#0"},
				"up": {"uv": [10, 3.5, 9.5, 3], "texture": "#0"},
				"down": {"uv": [4, 9.5, 3.5, 10], "texture": "#0"}
			}
		},
		{
			"from": [7.5, -0.2, 4.6],
			"to": [8.4, -0.1, 5.5],
			"faces": {
				"north": {"uv": [9.5, 3.5, 10, 4], "texture": "#0"},
				"east": {"uv": [4, 9.5, 4.5, 10], "texture": "#0"},
				"south": {"uv": [9.5, 4, 10, 4.5], "texture": "#0"},
				"west": {"uv": [4.5, 9.5, 5, 10], "texture": "#0"},
				"up": {"uv": [10, 5, 9.5, 4.5], "texture": "#0"},
				"down": {"uv": [5.5, 9.5, 5, 10], "texture": "#0"}
			}
		},
		{
			"from": [8, -0.2, 5.6],
			"to": [8.9, -0.1, 6.5],
			"faces": {
				"north": {"uv": [9.5, 5, 10, 5.5], "texture": "#0"},
				"east": {"uv": [5.5, 9.5, 6, 10], "texture": "#0"},
				"south": {"uv": [9.5, 5.5, 10, 6], "texture": "#0"},
				"west": {"uv": [6, 9.5, 6.5, 10], "texture": "#0"},
				"up": {"uv": [10, 6.5, 9.5, 6], "texture": "#0"},
				"down": {"uv": [7, 9.5, 6.5, 10], "texture": "#0"}
			}
		},
		{
			"from": [6, 0, 4],
			"to": [6.1, 1, 8.2],
			"faces": {
				"north": {"uv": [8.5, 9, 9, 9.5], "texture": "#0"},
				"east": {"uv": [5.5, 4.5, 7.5, 5], "texture": "#0"},
				"south": {"uv": [9, 8.5, 9.5, 9], "texture": "#0"},
				"west": {"uv": [5.5, 5, 7.5, 5.5], "texture": "#0"},
				"up": {"uv": [6.5, 2, 6, 0], "texture": "#0"},
				"down": {"uv": [2.5, 6, 2, 8], "texture": "#0"}
			}
		},
		{
			"from": [6, 0.8, 8.2],
			"to": [6.1, 1, 11.6],
			"faces": {
				"north": {"uv": [9, 9, 9.5, 9.5], "texture": "#0"},
				"east": {"uv": [6, 4, 7.5, 4.5], "texture": "#0"},
				"south": {"uv": [0, 9.5, 0.5, 10], "texture": "#0"},
				"west": {"uv": [5.5, 6, 7, 6.5], "texture": "#0"},
				"up": {"uv": [7, 1.5, 6.5, 0], "texture": "#0"},
				"down": {"uv": [3, 6.5, 2.5, 8], "texture": "#0"}
			}
		},
		{
			"from": [6, 0.2, 9.5],
			"to": [6.1, 0.8, 10.3],
			"faces": {
				"north": {"uv": [9.5, 0.5, 10, 1], "texture": "#0"},
				"east": {"uv": [1, 9.5, 1.5, 10], "texture": "#0"},
				"south": {"uv": [9.5, 1, 10, 1.5], "texture": "#0"},
				"west": {"uv": [1.5, 9.5, 2, 10], "texture": "#0"},
				"up": {"uv": [10, 2, 9.5, 1.5], "texture": "#0"},
				"down": {"uv": [2.5, 9.5, 2, 10], "texture": "#0"}
			}
		},
		{
			"from": [6, 0, 8.2],
			"to": [6.1, 0.2, 11.6],
			"faces": {
				"north": {"uv": [9.5, 0, 10, 0.5], "texture": "#0"},
				"east": {"uv": [6, 5.5, 7.5, 6], "texture": "#0"},
				"south": {"uv": [0.5, 9.5, 1, 10], "texture": "#0"},
				"west": {"uv": [6.5, 1.5, 8, 2], "texture": "#0"},
				"up": {"uv": [3.5, 8, 3, 6.5], "texture": "#0"},
				"down": {"uv": [4, 6.5, 3.5, 8], "texture": "#0"}
			}
		},
		{
			"from": [6, 0, 11.6],
			"to": [6.4, 1, 12],
			"faces": {
				"north": {"uv": [3, 8, 3.5, 8.5], "texture": "#0"},
				"east": {"uv": [8, 3, 8.5, 3.5], "texture": "#0"},
				"south": {"uv": [3.5, 8, 4, 8.5], "texture": "#0"},
				"west": {"uv": [8, 3.5, 8.5, 4], "texture": "#0"},
				"up": {"uv": [4.5, 8.5, 4, 8], "texture": "#0"},
				"down": {"uv": [8.5, 4, 8, 4.5], "texture": "#0"}
			}
		},
		{
			"from": [9.6, 0, 11.6],
			"to": [10, 1, 12],
			"faces": {
				"north": {"uv": [4.5, 8, 5, 8.5], "texture": "#0"},
				"east": {"uv": [8, 4.5, 8.5, 5], "texture": "#0"},
				"south": {"uv": [5, 8, 5.5, 8.5], "texture": "#0"},
				"west": {"uv": [8, 5, 8.5, 5.5], "texture": "#0"},
				"up": {"uv": [6, 8.5, 5.5, 8], "texture": "#0"},
				"down": {"uv": [8.5, 5.5, 8, 6], "texture": "#0"}
			}
		},
		{
			"from": [7.2, 0, 11.6],
			"to": [7.6, 1, 12],
			"faces": {
				"north": {"uv": [6, 8, 6.5, 8.5], "texture": "#0"},
				"east": {"uv": [8, 6, 8.5, 6.5], "texture": "#0"},
				"south": {"uv": [6.5, 8, 7, 8.5], "texture": "#0"},
				"west": {"uv": [8, 6.5, 8.5, 7], "texture": "#0"},
				"up": {"uv": [7.5, 8.5, 7, 8], "texture": "#0"},
				"down": {"uv": [8.5, 7, 8, 7.5], "texture": "#0"}
			}
		},
		{
			"from": [7.7, 0.4, 11.6],
			"to": [8.3, 0.6, 11.8],
			"faces": {
				"north": {"uv": [1, 9, 1.5, 9.5], "texture": "#0"},
				"east": {"uv": [9, 1, 9.5, 1.5], "texture": "#0"},
				"south": {"uv": [1.5, 9, 2, 9.5], "texture": "#0"},
				"west": {"uv": [9, 1.5, 9.5, 2], "texture": "#0"},
				"up": {"uv": [2.5, 9.5, 2, 9], "texture": "#0"},
				"down": {"uv": [9.5, 2, 9, 2.5], "texture": "#0"}
			}
		},
		{
			"from": [6.5, 0.3, 11.6],
			"to": [6.7, 0.7, 12],
			"faces": {
				"north": {"uv": [2.5, 9, 3, 9.5], "texture": "#0"},
				"east": {"uv": [9, 2.5, 9.5, 3], "texture": "#0"},
				"south": {"uv": [3, 9, 3.5, 9.5], "texture": "#0"},
				"west": {"uv": [9, 3, 9.5, 3.5], "texture": "#0"},
				"up": {"uv": [4, 9.5, 3.5, 9], "texture": "#0"},
				"down": {"uv": [9.5, 3.5, 9, 4], "texture": "#0"}
			}
		},
		{
			"from": [6.9, 0.3, 11.6],
			"to": [7.1, 0.7, 12],
			"faces": {
				"north": {"uv": [4, 9, 4.5, 9.5], "texture": "#0"},
				"east": {"uv": [9, 4, 9.5, 4.5], "texture": "#0"},
				"south": {"uv": [4.5, 9, 5, 9.5], "texture": "#0"},
				"west": {"uv": [9, 4.5, 9.5, 5], "texture": "#0"},
				"up": {"uv": [5.5, 9.5, 5, 9], "texture": "#0"},
				"down": {"uv": [9.5, 5, 9, 5.5], "texture": "#0"}
			}
		},
		{
			"from": [9.3, 0.3, 11.6],
			"to": [9.5, 0.7, 12],
			"faces": {
				"north": {"uv": [7, 9, 7.5, 9.5], "texture": "#0"},
				"east": {"uv": [9, 7, 9.5, 7.5], "texture": "#0"},
				"south": {"uv": [7.5, 9, 8, 9.5], "texture": "#0"},
				"west": {"uv": [9, 7.5, 9.5, 8], "texture": "#0"},
				"up": {"uv": [8.5, 9.5, 8, 9], "texture": "#0"},
				"down": {"uv": [9.5, 8, 9, 8.5], "texture": "#0"}
			}
		},
		{
			"from": [8.9, 0.3, 11.6],
			"to": [9.1, 0.7, 12],
			"faces": {
				"north": {"uv": [5.5, 9, 6, 9.5], "texture": "#0"},
				"east": {"uv": [9, 5.5, 9.5, 6], "texture": "#0"},
				"south": {"uv": [6, 9, 6.5, 9.5], "texture": "#0"},
				"west": {"uv": [9, 6, 9.5, 6.5], "texture": "#0"},
				"up": {"uv": [7, 9.5, 6.5, 9], "texture": "#0"},
				"down": {"uv": [9.5, 6.5, 9, 7], "texture": "#0"}
			}
		},
		{
			"from": [6.4, 0.7, 11.6],
			"to": [7.2, 1, 12],
			"faces": {
				"north": {"uv": [8.5, 0.5, 9, 1], "texture": "#0"},
				"east": {"uv": [1, 8.5, 1.5, 9], "texture": "#0"},
				"south": {"uv": [8.5, 1, 9, 1.5], "texture": "#0"},
				"west": {"uv": [1.5, 8.5, 2, 9], "texture": "#0"},
				"up": {"uv": [9, 2, 8.5, 1.5], "texture": "#0"},
				"down": {"uv": [2.5, 8.5, 2, 9], "texture": "#0"}
			}
		},
		{
			"from": [7.6, 0.7, 11.6],
			"to": [8.4, 1, 12],
			"faces": {
				"north": {"uv": [8.5, 2, 9, 2.5], "texture": "#0"},
				"east": {"uv": [2.5, 8.5, 3, 9], "texture": "#0"},
				"south": {"uv": [8.5, 2.5, 9, 3], "texture": "#0"},
				"west": {"uv": [3, 8.5, 3.5, 9], "texture": "#0"},
				"up": {"uv": [9, 3.5, 8.5, 3], "texture": "#0"},
				"down": {"uv": [4, 8.5, 3.5, 9], "texture": "#0"}
			}
		},
		{
			"from": [8.8, 0.7, 11.6],
			"to": [9.6, 1, 12],
			"faces": {
				"north": {"uv": [8.5, 3.5, 9, 4], "texture": "#0"},
				"east": {"uv": [4, 8.5, 4.5, 9], "texture": "#0"},
				"south": {"uv": [8.5, 4, 9, 4.5], "texture": "#0"},
				"west": {"uv": [4.5, 8.5, 5, 9], "texture": "#0"},
				"up": {"uv": [9, 5, 8.5, 4.5], "texture": "#0"},
				"down": {"uv": [5.5, 8.5, 5, 9], "texture": "#0"}
			}
		},
		{
			"from": [8.8, 0, 11.6],
			"to": [9.6, 0.3, 12],
			"faces": {
				"north": {"uv": [8.5, 8, 9, 8.5], "texture": "#0"},
				"east": {"uv": [8.5, 8.5, 9, 9], "texture": "#0"},
				"south": {"uv": [0, 9, 0.5, 9.5], "texture": "#0"},
				"west": {"uv": [9, 0, 9.5, 0.5], "texture": "#0"},
				"up": {"uv": [1, 9.5, 0.5, 9], "texture": "#0"},
				"down": {"uv": [9.5, 0.5, 9, 1], "texture": "#0"}
			}
		},
		{
			"from": [7.6, 0, 11.6],
			"to": [8.4, 0.3, 12],
			"faces": {
				"north": {"uv": [8.5, 6.5, 9, 7], "texture": "#0"},
				"east": {"uv": [7, 8.5, 7.5, 9], "texture": "#0"},
				"south": {"uv": [8.5, 7, 9, 7.5], "texture": "#0"},
				"west": {"uv": [7.5, 8.5, 8, 9], "texture": "#0"},
				"up": {"uv": [9, 8, 8.5, 7.5], "texture": "#0"},
				"down": {"uv": [8.5, 8.5, 8, 9], "texture": "#0"}
			}
		},
		{
			"from": [6.4, 0, 11.6],
			"to": [7.2, 0.3, 12],
			"faces": {
				"north": {"uv": [8.5, 5, 9, 5.5], "texture": "#0"},
				"east": {"uv": [5.5, 8.5, 6, 9], "texture": "#0"},
				"south": {"uv": [8.5, 5.5, 9, 6], "texture": "#0"},
				"west": {"uv": [6, 8.5, 6.5, 9], "texture": "#0"},
				"up": {"uv": [9, 6.5, 8.5, 6], "texture": "#0"},
				"down": {"uv": [7, 8.5, 6.5, 9], "texture": "#0"}
			}
		},
		{
			"from": [8.4, 0, 11.6],
			"to": [8.8, 1, 12],
			"faces": {
				"north": {"uv": [7.5, 8, 8, 8.5], "texture": "#0"},
				"east": {"uv": [8, 7.5, 8.5, 8], "texture": "#0"},
				"south": {"uv": [8, 8, 8.5, 8.5], "texture": "#0"},
				"west": {"uv": [0, 8.5, 0.5, 9], "texture": "#0"},
				"up": {"uv": [9, 0.5, 8.5, 0], "texture": "#0"},
				"down": {"uv": [1, 8.5, 0.5, 9], "texture": "#0"}
			}
		},
		{
			"from": [8.7, 0.3, 3.8],
			"to": [9.7, 0.8, 4],
			"faces": {
				"north": {"uv": [7.5, 5.5, 8, 6], "texture": "#0"},
				"east": {"uv": [6, 7.5, 6.5, 8], "texture": "#0"},
				"south": {"uv": [6.5, 7.5, 7, 8], "texture": "#0"},
				"west": {"uv": [7.5, 6.5, 8, 7], "texture": "#0"},
				"up": {"uv": [7.5, 8, 7, 7.5], "texture": "#0"},
				"down": {"uv": [8, 7.5, 7.5, 8], "texture": "#0"}
			}
		},
		{
			"from": [10, 0.2, 5],
			"to": [10.2, 0.8, 5.9],
			"faces": {
				"north": {"uv": [1.5, 8, 2, 8.5], "texture": "#0"},
				"east": {"uv": [8, 1.5, 8.5, 2], "texture": "#0"},
				"south": {"uv": [2, 8, 2.5, 8.5], "texture": "#0"},
				"west": {"uv": [8, 2, 8.5, 2.5], "texture": "#0"},
				"up": {"uv": [3, 8.5, 2.5, 8], "texture": "#0"},
				"down": {"uv": [8.5, 2.5, 8, 3], "texture": "#0"}
			}
		},
		{
			"from": [10, 0.2, 6.1],
			"to": [10.2, 0.8, 7],
			"faces": {
				"north": {"uv": [0, 8, 0.5, 8.5], "texture": "#0"},
				"east": {"uv": [8, 0, 8.5, 0.5], "texture": "#0"},
				"south": {"uv": [0.5, 8, 1, 8.5], "texture": "#0"},
				"west": {"uv": [8, 0.5, 8.5, 1], "texture": "#0"},
				"up": {"uv": [1.5, 8.5, 1, 8], "texture": "#0"},
				"down": {"uv": [8.5, 1, 8, 1.5], "texture": "#0"}
			}
		}
	],
	"display": {
		"thirdperson_righthand": {
			"rotation": [90, 0, 0],
			"translation": [0, 4, 8]
		},
		"thirdperson_lefthand": {
			"rotation": [90, 0, 0],
			"translation": [0, 4, 8]
		},
		"firstperson_righthand": {
			"rotation": [81, 0, 40],
			"translation": [-7.5, 5.75, 8.75]
		},
		"firstperson_lefthand": {
			"rotation": [81, 0, 30],
			"translation": [-5, 6, 8.25]
		},
		"ground": {
			"translation": [0, 4.5, 0]
		},
		"gui": {
			"rotation": [113, 0, 21],
			"translation": [-4, -4.25, 0],
			"scale": [1.5, 1.5, 1.5]
		},
		"head": {
			"translation": [0, 14.5, -1]
		},
		"fixed": {
			"rotation": [90, 0, 180],
			"translation": [0, 0, -11.5],
			"scale": [1.5, 1.5, 1.5]
		}
	}
}