{
	"credit": "Made with Blockbench",
	"texture_size": [32, 32],
	"textures": {
		"0": "item/pepeland/carved_pumpkin/part_2/party_hat2/party_hat2",
		"particle": "item/pepeland/carved_pumpkin/part_2/party_hat2/party_hat2"
	},
	"elements": [
		{
			"from": [4.15, 0, 4],
			"to": [4.15, 10, 12],
			"rotation": {"angle": -22.5, "axis": "z", "origin": [4.15, 0, 8]},
			"faces": {
				"north": {"uv": [0, 0, 0, 5], "texture": "#0"},
				"east": {"uv": [4, 0, 0, 5], "texture": "#0"},
				"south": {"uv": [0, 0, 0, 5], "texture": "#0"},
				"west": {"uv": [0, 0, 4, 5], "texture": "#0"},
				"up": {"uv": [0, 4, 0, 0], "texture": "#0"},
				"down": {"uv": [0, 0, 0, 4], "texture": "#0"}
			}
		},
		{
			"from": [11.8, 0, 4],
			"to": [11.8, 10, 12],
			"rotation": {"angle": 22.5, "axis": "z", "origin": [11.85, 0, 8]},
			"faces": {
				"north": {"uv": [0, 0, 0, 5], "texture": "#0"},
				"east": {"uv": [13.5, 0, 9.5, 5], "texture": "#0"},
				"south": {"uv": [0, 0, 0, 5], "texture": "#0"},
				"west": {"uv": [13.5, 0, 9.5, 5], "texture": "#0"},
				"up": {"uv": [0, 4, 0, 0], "texture": "#0"},
				"down": {"uv": [0, 0, 0, 4], "texture": "#0"}
			}
		},
		{
			"from": [4, 0, 11.8],
			"to": [12, 10, 11.8],
			"rotation": {"angle": -22.5, "axis": "x", "origin": [8, 0, 11.8]},
			"faces": {
				"north": {"uv": [9.5, 0, 5.5, 5], "texture": "#0"},
				"east": {"uv": [0, 0, 0, 5], "texture": "#0"},
				"south": {"uv": [5.5, 0, 9.5, 5], "texture": "#0"},
				"west": {"uv": [0, 0, 0, 5], "texture": "#0"},
				"up": {"uv": [4, 0, 0, 0], "texture": "#0"},
				"down": {"uv": [4, 0, 0, 0], "texture": "#0"}
			}
		},
		{
			"from": [4, 0, 4.15],
			"to": [12, 10, 4.15],
			"rotation": {"angle": 22.5, "axis": "x", "origin": [8, 0, 4.15]},
			"faces": {
				"north": {"uv": [4, 6.5, 0, 11.5], "texture": "#0"},
				"east": {"uv": [0, 0, 0, 5], "texture": "#0"},
				"south": {"uv": [0, 6.5, 4, 11.5], "texture": "#0"},
				"west": {"uv": [0, 0, 0, 5], "texture": "#0"},
				"up": {"uv": [4, 0, 0, 0], "texture": "#0"},
				"down": {"uv": [4, 0, 0, 0], "texture": "#0"}
			}
		},
		{
			"from": [9.5, 5, 6.5],
			"to": [12.5, 8, 9.5],
			"rotation": {"angle": 22.5, "axis": "z", "origin": [0, 0, 0]},
			"faces": {
				"north": {"uv": [4, 0, 5.5, 1.5], "texture": "#0"},
				"east": {"uv": [4, 1.5, 5.5, 3], "texture": "#0"},
				"south": {"uv": [4, 3, 5.5, 4.5], "texture": "#0"},
				"west": {"uv": [4, 4.5, 5.5, 6], "texture": "#0"},
				"up": {"uv": [1.5, 6.5, 0, 5], "texture": "#0"},
				"down": {"uv": [3, 5, 1.5, 6.5], "texture": "#0"}
			}
		}
	],
	"display": {
		"thirdperson_righthand": {
			"translation": [0, 3.5, 0],
			"scale": [0.43, 0.43, 0.43]
		},
		"thirdperson_lefthand": {
			"translation": [0, 3.5, 0],
			"scale": [0.43, 0.43, 0.43]
		},
		"firstperson_righthand": {
			"translation": [0, 5.25, 0],
			"scale": [0.67, 0.67, 0.67]
		},
		"firstperson_lefthand": {
			"translation": [0, 5.25, 0],
			"scale": [0.67, 0.67, 0.67]
		},
		"ground": {
			"translation": [0, 2.5, 0],
			"scale": [0.64, 0.64, 0.64]
		},
		"gui": {
			"rotation": [30, -47, 0],
			"translation": [0, 2.5, 0]
		},
		"head": {
			"rotation": [0, 90, 0],
			"translation": [0, 14.5, 0]
		},
		"fixed": {
			"rotation": [-90, 0, 0],
			"translation": [0, 0, -8]
		}
	}
}