{
	"credit": "Made with Blockbench",
	"texture_size": [64, 64],
	"textures": {
		"0": "item/pepeland/carved_pumpkin/part_1/roborabbit/roborabbit",
		"particle": "item/pepeland/carved_pumpkin/part_1/roborabbit/roborabbit"
	},
	"elements": [
		{
			"name": "Верхняя часть",
			"from": [4, 8, 4],
			"to": [12, 9, 12],
			"rotation": {"angle": 0, "axis": "y", "origin": [9, 9, 7]},
			"faces": {
				"north": {"uv": [7.5, 2.5, 9.5, 2.75], "texture": "#0"},
				"east": {"uv": [7.5, 2.75, 9.5, 3], "texture": "#0"},
				"south": {"uv": [7.5, 3, 9.5, 3.25], "texture": "#0"},
				"west": {"uv": [7.5, 3.25, 9.5, 3.5], "texture": "#0"},
				"up": {"uv": [7, 4.25, 5, 2.25], "texture": "#0"},
				"down": {"uv": [8, 4.25, 6, 6.25], "texture": "#0"}
			}
		},
		{
			"name": "Левая часть",
			"from": [12, 0, 4],
			"to": [13, 9, 12],
			"rotation": {"angle": 0, "axis": "y", "origin": [13, 0, 8]},
			"faces": {
				"north": {"uv": [7, 7.25, 7.25, 9.5], "texture": "#0"},
				"east": {"uv": [4, 4.5, 6, 6.75], "texture": "#0"},
				"south": {"uv": [7.25, 7.25, 7.5, 9.5], "texture": "#0"},
				"west": {"uv": [5, 0, 7, 2.25], "texture": "#0"},
				"up": {"uv": [3.25, 9.5, 3, 7.5], "texture": "#0"},
				"down": {"uv": [3.5, 7.5, 3.25, 9.5], "texture": "#0"}
			}
		},
		{
			"name": "Передняя часть",
			"from": [3, 0, 3],
			"to": [13, 9, 4],
			"rotation": {"angle": 0, "axis": "y", "origin": [7, 0, 3]},
			"faces": {
				"north": {"uv": [0, 0, 2.5, 2.25], "texture": "#0"},
				"east": {"uv": [5.5, 7.25, 5.75, 9.5], "texture": "#0"},
				"south": {"uv": [0, 2.25, 2.5, 4.5], "texture": "#0"},
				"west": {"uv": [5.75, 7.25, 6, 9.5], "texture": "#0"},
				"up": {"uv": [9.5, 3.75, 7, 3.5], "texture": "#0"},
				"down": {"uv": [9.5, 3.75, 7, 4], "texture": "#0"}
			}
		},
		{
			"name": "Правая часть",
			"from": [3, 0, 4],
			"to": [4, 9, 12],
			"rotation": {"angle": 0, "axis": "y", "origin": [4, 0, 8]},
			"faces": {
				"north": {"uv": [6, 7.25, 6.25, 9.5], "texture": "#0"},
				"east": {"uv": [0, 4.5, 2, 6.75], "texture": "#0"},
				"south": {"uv": [6.25, 7.25, 6.5, 9.5], "texture": "#0"},
				"west": {"uv": [2, 4.5, 4, 6.75], "texture": "#0"},
				"up": {"uv": [2.75, 9.5, 2.5, 7.5], "texture": "#0"},
				"down": {"uv": [3, 7.5, 2.75, 9.5], "texture": "#0"}
			}
		},
		{
			"name": "Задняя часть",
			"from": [3, 0, 12],
			"to": [13, 9, 13],
			"rotation": {"angle": 0, "axis": "y", "origin": [7, 0, 12]},
			"faces": {
				"north": {"uv": [2.5, 0, 5, 2.25], "texture": "#0"},
				"east": {"uv": [6.5, 7.25, 6.75, 9.5], "texture": "#0"},
				"south": {"uv": [2.5, 2.25, 5, 4.5], "texture": "#0"},
				"west": {"uv": [6.75, 7.25, 7, 9.5], "texture": "#0"},
				"up": {"uv": [9.5, 4.25, 7, 4], "texture": "#0"},
				"down": {"uv": [3.5, 7.25, 1, 7.5], "texture": "#0"}
			}
		},
		{
			"name": "Желтый глаз",
			"from": [8.9, 4.7, 2],
			"to": [11.9, 7.7, 3],
			"rotation": {"angle": 0, "axis": "y", "origin": [8.9, 4.7, 1]},
			"faces": {
				"north": {"uv": [1.75, 7.5, 2.5, 8.25], "texture": "#0"},
				"east": {"uv": [8.25, 1.75, 8.5, 2.5], "texture": "#0"},
				"south": {"uv": [7.5, 1.75, 8.25, 2.5], "texture": "#0"},
				"west": {"uv": [2, 8.25, 2.25, 9], "texture": "#0"},
				"up": {"uv": [8.25, 8.5, 7.5, 8.25], "texture": "#0"},
				"down": {"uv": [9, 8.25, 8.25, 8.5], "texture": "#0"}
			}
		},
		{
			"name": "Красный глаз",
			"from": [4.1, 4.7, 2],
			"to": [7.1, 7.7, 3],
			"rotation": {"angle": 0, "axis": "y", "origin": [4.1, 4.7, 1]},
			"faces": {
				"north": {"uv": [1, 7.5, 1.75, 8.25], "texture": "#0"},
				"east": {"uv": [1, 8.25, 1.25, 9], "texture": "#0"},
				"south": {"uv": [7.5, 1, 8.25, 1.75], "texture": "#0"},
				"west": {"uv": [8.25, 1, 8.5, 1.75], "texture": "#0"},
				"up": {"uv": [5.75, 4.5, 5, 4.25], "texture": "#0"},
				"down": {"uv": [2, 8.25, 1.25, 8.5], "texture": "#0"}
			}
		},
		{
			"name": "Правая бровь",
			"from": [7, 8, 2.2],
			"to": [8, 10, 3.2],
			"rotation": {"angle": 45, "axis": "z", "origin": [9, 8, 2.2]},
			"faces": {
				"north": {"uv": [7.75, 8.5, 8, 9], "texture": "#0"},
				"east": {"uv": [8.5, 7.75, 8.75, 8.25], "texture": "#0"},
				"south": {"uv": [8, 8.5, 8.25, 9], "texture": "#0"},
				"west": {"uv": [8.25, 8.5, 8.5, 9], "texture": "#0"},
				"up": {"uv": [1.5, 9.25, 1.25, 9], "texture": "#0"},
				"down": {"uv": [1.75, 9, 1.5, 9.25], "texture": "#0"}
			}
		},
		{
			"name": "Левая бровь",
			"from": [8, 8, 2.2],
			"to": [9, 10, 3.2],
			"rotation": {"angle": -45, "axis": "z", "origin": [7, 8, 3.2]},
			"faces": {
				"north": {"uv": [8.5, 5.25, 8.75, 5.75], "texture": "#0"},
				"east": {"uv": [8.5, 5.75, 8.75, 6.25], "texture": "#0"},
				"south": {"uv": [8.5, 7.25, 8.75, 7.75], "texture": "#0"},
				"west": {"uv": [7.5, 8.5, 7.75, 9], "texture": "#0"},
				"up": {"uv": [9, 9, 8.75, 8.75], "texture": "#0"},
				"down": {"uv": [1.25, 9, 1, 9.25], "texture": "#0"}
			}
		},
		{
			"name": "Средняя бровь",
			"from": [7.5, 6.625, 2.2],
			"to": [8.5, 8.825, 3.2],
			"rotation": {"angle": 0, "axis": "y", "origin": [9.5, 6.625, 2.2]},
			"faces": {
				"north": {"uv": [8.5, 8.5, 8.75, 9], "texture": "#0"},
				"east": {"uv": [0, 8.75, 0.25, 9.25], "texture": "#0"},
				"south": {"uv": [0.25, 8.75, 0.5, 9.25], "texture": "#0"},
				"west": {"uv": [0.5, 8.75, 0.75, 9.25], "texture": "#0"},
				"up": {"uv": [9.25, 1.75, 9, 1.5], "texture": "#0"},
				"down": {"uv": [2, 9, 1.75, 9.25], "texture": "#0"}
			}
		},
		{
			"name": "Нос",
			"from": [7.3, 4, 2],
			"to": [8.7, 5, 3],
			"rotation": {"angle": 0, "axis": "y", "origin": [7, 4, 2]},
			"faces": {
				"north": {"uv": [8.75, 6, 9, 6.25], "texture": "#0"},
				"east": {"uv": [8.75, 7.25, 9, 7.5], "texture": "#0"},
				"south": {"uv": [8.75, 7.5, 9, 7.75], "texture": "#0"},
				"west": {"uv": [8.75, 7.75, 9, 8], "texture": "#0"},
				"up": {"uv": [9, 8.25, 8.75, 8], "texture": "#0"},
				"down": {"uv": [9, 8.5, 8.75, 8.75], "texture": "#0"}
			}
		},
		{
			"name": "Нижняя часть",
			"from": [2, 0, 1],
			"to": [14, 1, 3],
			"rotation": {"angle": 0, "axis": "y", "origin": [3, 0, 1]},
			"faces": {
				"north": {"uv": [7, 0, 10, 0.25], "texture": "#0"},
				"east": {"uv": [0, 8.5, 0.5, 8.75], "texture": "#0"},
				"south": {"uv": [7, 0.25, 10, 0.5], "texture": "#0"},
				"west": {"uv": [0.5, 8.5, 1, 8.75], "texture": "#0"},
				"up": {"uv": [9, 6.75, 6, 6.25], "texture": "#0"},
				"down": {"uv": [3, 6.75, 0, 7.25], "texture": "#0"}
			}
		},
		{
			"name": "Левая часть",
			"from": [13, 1, 1],
			"to": [14, 3, 3],
			"rotation": {"angle": 0, "axis": "y", "origin": [12, 1, 1]},
			"faces": {
				"north": {"uv": [2.25, 8.25, 2.5, 8.75], "texture": "#0"},
				"east": {"uv": [8, 4.25, 8.5, 4.75], "texture": "#0"},
				"south": {"uv": [8.5, 1, 8.75, 1.5], "texture": "#0"},
				"west": {"uv": [8, 4.75, 8.5, 5.25], "texture": "#0"},
				"up": {"uv": [1.5, 9, 1.25, 8.5], "texture": "#0"},
				"down": {"uv": [1.75, 8.5, 1.5, 9], "texture": "#0"}
			}
		},
		{
			"name": "Верхняя часть",
			"from": [2, 3, 1],
			"to": [14, 4, 3],
			"rotation": {"angle": 0, "axis": "y", "origin": [3, 3, 1]},
			"faces": {
				"north": {"uv": [7, 0.5, 10, 0.75], "texture": "#0"},
				"east": {"uv": [8.5, 1.5, 9, 1.75], "texture": "#0"},
				"south": {"uv": [7, 0.75, 10, 1], "texture": "#0"},
				"west": {"uv": [8.5, 1.75, 9, 2], "texture": "#0"},
				"up": {"uv": [6, 7.25, 3, 6.75], "texture": "#0"},
				"down": {"uv": [9, 6.75, 6, 7.25], "texture": "#0"}
			}
		},
		{
			"name": "Правая часть",
			"from": [2, 1, 1],
			"to": [3, 3, 3],
			"rotation": {"angle": 0, "axis": "y", "origin": [1, 1, 1]},
			"faces": {
				"north": {"uv": [1.75, 8.5, 2, 9], "texture": "#0"},
				"east": {"uv": [8, 5.25, 8.5, 5.75], "texture": "#0"},
				"south": {"uv": [8.5, 2, 8.75, 2.5], "texture": "#0"},
				"west": {"uv": [8, 5.75, 8.5, 6.25], "texture": "#0"},
				"up": {"uv": [3.75, 9, 3.5, 8.5], "texture": "#0"},
				"down": {"uv": [4, 8.5, 3.75, 9], "texture": "#0"}
			}
		},
		{
			"name": "Правый зуб",
			"from": [6.85, 1.45, 1.25],
			"to": [7.85, 3.25, 1.75],
			"rotation": {"angle": 0, "axis": "y", "origin": [5.85, 2, 0]},
			"faces": {
				"north": {"uv": [4.75, 8.5, 5, 9], "texture": "#0"},
				"east": {"uv": [8.5, 4.75, 8.75, 5.25], "texture": "#0"},
				"south": {"uv": [5, 8.5, 5.25, 9], "texture": "#0"},
				"west": {"uv": [5.25, 8.5, 5.5, 9], "texture": "#0"},
				"up": {"uv": [9, 5.75, 8.75, 5.5], "texture": "#0"},
				"down": {"uv": [9, 5.75, 8.75, 6], "texture": "#0"}
			}
		},
		{
			"name": "Левый зуб",
			"from": [8.15, 1.45, 1.25],
			"to": [9.15, 3.25, 1.75],
			"rotation": {"angle": 0, "axis": "y", "origin": [7.15, 2, 0]},
			"faces": {
				"north": {"uv": [4, 8.5, 4.25, 9], "texture": "#0"},
				"east": {"uv": [4.25, 8.5, 4.5, 9], "texture": "#0"},
				"south": {"uv": [8.5, 4.25, 8.75, 4.75], "texture": "#0"},
				"west": {"uv": [4.5, 8.5, 4.75, 9], "texture": "#0"},
				"up": {"uv": [6, 4.5, 5.75, 4.25], "texture": "#0"},
				"down": {"uv": [9, 5.25, 8.75, 5.5], "texture": "#0"}
			}
		},
		{
			"name": "Лампочка левая",
			"from": [9, 9.3, 7],
			"to": [11, 14.3, 9],
			"rotation": {"angle": 0, "axis": "y", "origin": [9, 9.3, 7]},
			"faces": {
				"north": {"uv": [3.5, 7.25, 4, 8.5], "texture": "#0"},
				"east": {"uv": [4, 7.25, 4.5, 8.5], "texture": "#0"},
				"south": {"uv": [4.5, 7.25, 5, 8.5], "texture": "#0"},
				"west": {"uv": [5, 7.25, 5.5, 8.5], "texture": "#0"},
				"up": {"uv": [8.5, 7.75, 8, 7.25], "texture": "#0"},
				"down": {"uv": [8.5, 7.75, 8, 8.25], "texture": "#0"}
			}
		},
		{
			"name": "Лампочка правая",
			"from": [5, 9.3, 7],
			"to": [7, 14.3, 9],
			"rotation": {"angle": 0, "axis": "y", "origin": [5, 9.3, 7]},
			"faces": {
				"north": {"uv": [7, 1, 7.5, 2.25], "texture": "#0"},
				"east": {"uv": [7, 2.25, 7.5, 3.5], "texture": "#0"},
				"south": {"uv": [0, 7.25, 0.5, 8.5], "texture": "#0"},
				"west": {"uv": [0.5, 7.25, 1, 8.5], "texture": "#0"},
				"up": {"uv": [8, 7.75, 7.5, 7.25], "texture": "#0"},
				"down": {"uv": [8, 7.75, 7.5, 8.25], "texture": "#0"}
			}
		},
		{
			"name": "Основая лампочек левая",
			"from": [9.25, 9, 7.25],
			"to": [10.75, 9.3, 8.75],
			"rotation": {"angle": 0, "axis": "y", "origin": [8.5, 9, 7.5]},
			"faces": {
				"north": {"uv": [9, 1.75, 9.25, 2], "texture": "#0"},
				"east": {"uv": [8.75, 1, 9.25, 1.25], "texture": "#0"},
				"south": {"uv": [2, 9, 2.25, 9.25], "texture": "#0"},
				"west": {"uv": [8.75, 1.25, 9.25, 1.5], "texture": "#0"},
				"up": {"uv": [1, 9.25, 0.75, 8.75], "texture": "#0"},
				"down": {"uv": [9, 2, 8.75, 2.5], "texture": "#0"}
			}
		},
		{
			"name": "Основа лампочек правая",
			"from": [5.25, 9, 7.25],
			"to": [6.75, 9.3, 8.75],
			"rotation": {"angle": 0, "axis": "y", "origin": [4.5, 9, 7.5]},
			"faces": {
				"north": {"uv": [9, 2, 9.25, 2.25], "texture": "#0"},
				"east": {"uv": [8.75, 4.25, 9.25, 4.5], "texture": "#0"},
				"south": {"uv": [9, 2.25, 9.25, 2.5], "texture": "#0"},
				"west": {"uv": [8.75, 4.5, 9.25, 4.75], "texture": "#0"},
				"up": {"uv": [2.5, 9.25, 2.25, 8.75], "texture": "#0"},
				"down": {"uv": [9, 4.75, 8.75, 5.25], "texture": "#0"}
			}
		}
	],
	"display": {
		"thirdperson_righthand": {
			"rotation": [67, 0, 0],
			"translation": [0, 0.5, 1.5],
			"scale": [0.56641, 0.56641, 0.56641]
		},
		"thirdperson_lefthand": {
			"rotation": [67, 0, 0],
			"translation": [0, 0.5, 1.5],
			"scale": [0.56641, 0.56641, 0.56641]
		},
		"ground": {
			"translation": [0, 0.5, 0],
			"scale": [0.5, 0.5, 0.5]
		},
		"gui": {
			"rotation": [0, 180, 0],
			"translation": [0, 1, 1.75]
		},
		"head": {
			"translation": [0, 5.25, 0.5],
			"scale": [1.6, 1.6, 1.6]
		},
		"fixed": {
			"translation": [0, 0.75, 0]
		}
	},
	"groups": [
		{
			"name": "Основа",
			"origin": [6, 0, 11],
			"color": 0,
			"children": [0, 1, 2, 3, 4]
		},
		{
			"name": "Лицо",
			"origin": [8.5, 6.625, 1.2],
			"color": 0,
			"children": [
				{
					"name": "Глаза",
					"origin": [3.1, 4.7, 0],
					"color": 0,
					"children": [5, 6]
				},
				{
					"name": "Брови",
					"origin": [8.5, 6.625, 1.2],
					"color": 0,
					"children": [7, 8, 9]
				},
				10
			]
		},
		{
			"name": "Рот",
			"origin": [6.15, 2, -1],
			"color": 0,
			"children": [
				{
					"name": "Рот",
					"origin": [0, 1, 0],
					"color": 0,
					"children": [11, 12, 13, 14]
				},
				{
					"name": "Зубы",
					"origin": [6.15, 2, -1],
					"color": 0,
					"children": [15, 16]
				}
			]
		},
		{
			"name": "Лампочки",
			"origin": [4.5, 9, 7.5],
			"color": 0,
			"children": [17, 18, 19, 20]
		}
	]
}