{
	"credit": "Made with Blockbench",
	"texture_size": [32, 32],
	"textures": {
		"0": "item/pepeland/carved_pumpkin/part_1/duck/duck",
		"particle": "item/pepeland/carved_pumpkin/part_1/duck/duck"
	},
	"elements": [
		{
			"from": [6, 0, 5],
			"to": [11, 4, 12],
			"faces": {
				"north": {"uv": [7, 2, 9.5, 4], "texture": "#0"},
				"east": {"uv": [4.5, 5.5, 8, 7.5], "texture": "#0"},
				"south": {"uv": [0, 7.5, 2.5, 9.5], "texture": "#0"},
				"west": {"uv": [6, 0, 9.5, 2], "texture": "#0"},
				"up": {"uv": [4.5, 7.5, 2, 4], "texture": "#0"},
				"down": {"uv": [7, 2, 4.5, 5.5], "texture": "#0"}
			}
		},
		{
			"from": [5, 0.75, 6],
			"to": [6, 3.75, 11],
			"faces": {
				"north": {"uv": [9, 2, 9.5, 4], "texture": "#0"},
				"east": {"uv": [4.5, 5.5, 8, 7.5], "texture": "#0"},
				"south": {"uv": [0, 7.5, 0.5, 9.5], "texture": "#0"},
				"west": {"uv": [6, 0, 9.5, 2], "texture": "#0"},
				"up": {"uv": [5.5, 4.5, 5, 2], "texture": "#0"},
				"down": {"uv": [6.5, 2, 6, 4.5], "texture": "#0"}
			}
		},
		{
			"from": [11, 0.75, 6],
			"to": [12, 3.75, 11],
			"faces": {
				"north": {"uv": [9, 2, 9.5, 4], "texture": "#0"},
				"east": {"uv": [4.5, 5.5, 8, 7.5], "texture": "#0"},
				"south": {"uv": [0, 7.5, 0.5, 9.5], "texture": "#0"},
				"west": {"uv": [6, 0, 9.5, 2], "texture": "#0"},
				"up": {"uv": [5.5, 4.5, 5, 2], "texture": "#0"},
				"down": {"uv": [6.5, 2, 6, 4.5], "texture": "#0"}
			}
		},
		{
			"from": [6.5, 4, 4.5],
			"to": [10.5, 8, 8.5],
			"faces": {
				"north": {"uv": [0, 0, 2, 2], "texture": "#0"},
				"east": {"uv": [0, 2, 2, 4], "texture": "#0"},
				"south": {"uv": [2, 0, 4, 2], "texture": "#0"},
				"west": {"uv": [2, 2, 4, 4], "texture": "#0"},
				"up": {"uv": [2, 6, 0, 4], "texture": "#0"},
				"down": {"uv": [6, 0, 4, 2], "texture": "#0"}
			}
		},
		{
			"from": [6.55, 4.55, 2.2],
			"to": [10.45, 5.85, 5.2],
			"faces": {
				"north": {"uv": [2.5, 7.5, 4.5, 8], "texture": "#0"},
				"east": {"uv": [6.5, 7.5, 8, 8], "texture": "#0"},
				"south": {"uv": [4.5, 7.5, 6.5, 8], "texture": "#0"},
				"west": {"uv": [2.5, 8, 4, 8.5], "texture": "#0"},
				"up": {"uv": [2, 7.5, 0, 6], "texture": "#0"},
				"down": {"uv": [9, 4, 7, 5.5], "texture": "#0"}
			}
		}
	],
	"display": {
		"thirdperson_righthand": {
			"translation": [0, 2.25, 0],
			"scale": [0.4, 0.4, 0.4]
		},
		"thirdperson_lefthand": {
			"translation": [0, 2.25, 0],
			"scale": [0.4, 0.4, 0.4]
		},
		"firstperson_righthand": {
			"rotation": [0, 120, 0],
			"translation": [0, 6, 0]
		},
		"firstperson_lefthand": {
			"rotation": [0, 120, 0],
			"translation": [0, 6, 0]
		},
		"ground": {
			"translation": [0, 1, 0],
			"scale": [0.51, 0.51, 0.51]
		},
		"gui": {
			"rotation": [39, -129, 0],
			"translation": [0, 3.75, 0]
		},
		"head": {
			"translation": [-0.5, 14, 0]
		},
		"fixed": {
			"rotation": [-90, 0, 0],
			"translation": [-1, 0, -14.75],
			"scale": [2.05, 2.05, 2.05]
		}
	}
}