{
	"credit": "Made with Blockbench",
	"texture_size": [32, 32],
	"textures": {
		"2": "./ng"
	},
	"elements": [
		{
			"from": [4, 0, 4],
			"to": [12, 7, 12],
			"faces": {
				"north": {"uv": [1.25, 2.275, 2.5, 4.525], "texture": "#2"},
				"east": {"uv": [0, 2.5, 1.25, 5], "texture": "#2"},
				"south": {"uv": [0.25, 0.3, 1.05, 1], "texture": "#2"},
				"west": {"uv": [2.5, 2.5, 3.775, 5], "texture": "#2"},
				"up": {"uv": [2.5, 2.5, 1.25, 0], "texture": "#2"},
				"down": {"uv": [13.25, 12.5, 10.75, 15], "texture": "#2"}
			}
		},
		{
			"from": [5.6, 0, 2.4],
			"to": [10.4, 3.2, 4],
			"faces": {
				"north": {"uv": [0.5, 13, 1.25, 14], "texture": "#2"},
				"east": {"uv": [0.25, 13, 0.5, 14], "texture": "#2"},
				"south": {"uv": [0, 0, 2.4, 1.6], "texture": "#2"},
				"west": {"uv": [1.25, 13, 1.5, 14], "texture": "#2"},
				"up": {"uv": [0.5, 12.775, 1.25, 13], "texture": "#2"},
				"down": {"uv": [0.525, 13.55, 1.35, 13.75], "texture": "#2"}
			}
		},
		{
			"from": [9.4, 6.9, 5.5],
			"to": [11, 8.6, 8.9],
			"faces": {
				"north": {"uv": [8, 6.25, 8.8, 7.1], "texture": "#2"},
				"east": {"uv": [8, 6.25, 9.7, 7.1], "texture": "#2"},
				"south": {"uv": [8, 6.25, 8.8, 7.1], "texture": "#2"},
				"west": {"uv": [8, 6.25, 9.7, 7.1], "texture": "#2"},
				"up": {"uv": [8, 6.25, 8.8, 7.95], "texture": "#2"},
				"down": {"uv": [8, 6.25, 8.8, 7.95], "texture": "#2"}
			}
		},
		{
			"from": [5, 6.9, 5.5],
			"to": [6.6, 8.6, 8.9],
			"faces": {
				"north": {"uv": [8, 6.25, 8.8, 7.1], "texture": "#2"},
				"east": {"uv": [8, 6.25, 9.7, 7.1], "texture": "#2"},
				"south": {"uv": [8, 6.25, 8.8, 7.1], "texture": "#2"},
				"west": {"uv": [8, 6.25, 9.7, 7.1], "texture": "#2"},
				"up": {"uv": [8, 6.25, 8.8, 7.95], "texture": "#2"},
				"down": {"uv": [8, 6.25, 8.8, 7.95], "texture": "#2"}
			}
		}
	],
	"display": {
		"thirdperson_righthand": {
			"rotation": [0, 146, 0],
			"translation": [0, 4, 0],
			"scale": [0.5, 0.5, 0.5]
		},
		"thirdperson_lefthand": {
			"rotation": [0, 133, 0],
			"translation": [0, 4, 0],
			"scale": [0.5, 0.5, 0.5]
		},
		"firstperson_righthand": {
			"rotation": [-21, 148, 0],
			"translation": [-1, 4.75, -0.25],
			"scale": [0.5, 0.5, 0.5]
		},
		"firstperson_lefthand": {
			"rotation": [153.85, 36.8, -167.69],
			"translation": [0, 5, 0],
			"scale": [0.5, 0.5, 0.5]
		},
		"ground": {
			"translation": [0, 5.75, 0]
		},
		"gui": {
			"rotation": [30, 225, 0],
			"translation": [-1.25, 4, 7.25]
		},
		"head": {
			"translation": [0, 9, 0],
			"scale": [2, 2, 2]
		},
		"fixed": {
			"translation": [0, 5, 0.5],
			"scale": [1.3, 1.3, 1.3]
		}
	}
}