{
	"credit": "Made with Blockbench",
	"texture_size": [32, 32],
	"textures": {
		"0": "./milk",
		"particle": "./milk"
	},
	"elements": [
		{
			"from": [7, 8, 8],
			"to": [9, 10, 10],
			"faces": {
				"north": {"uv": [7, 6, 8, 7], "texture": "#0"},
				"east": {"uv": [6, 5.5, 7, 6.5], "texture": "#0"},
				"south": {"uv": [7, 4, 8, 5], "texture": "#0"},
				"west": {"uv": [6, 4, 7, 5], "texture": "#0"},
				"up": {"uv": [7, 3, 8, 4], "texture": "#0"},
				"down": {"uv": [6, 3, 7, 4], "texture": "#0"}
			}
		},
		{
			"from": [6, 0, 5],
			"to": [10, 9, 11],
			"faces": {
				"north": {"uv": [0, 4.5, 2, 9], "texture": "#0"},
				"east": {"uv": [0, 0, 3, 4.5], "texture": "#0"},
				"south": {"uv": [2, 4.5, 4, 9], "texture": "#0"},
				"west": {"uv": [3, 0, 6, 4.5], "texture": "#0"},
				"up": {"uv": [6, 7.5, 4, 4.5], "texture": "#0"},
				"down": {"uv": [8, 0, 6, 3], "texture": "#0"}
			}
		}
	],
	"display": {
		"thirdperson_righthand": {
			"rotation": [0, 90, 0],
			"translation": [0, 8, 0]
		},
		"thirdperson_lefthand": {
			"rotation": [0, -90, 0],
			"translation": [0, 8, 0]
		},
		"firstperson_righthand": {
			"rotation": [0, 52, 0],
			"translation": [0, 6, -1]
		},
		"firstperson_lefthand": {
			"rotation": [0, -125, 0],
			"translation": [0, 5.75, -1.5]
		},
		"ground": {
			"translation": [0, 4.5, 0]
		},
		"gui": {
			"rotation": [21, 59, 0],
			"translation": [0, 4.25, 0],
			"scale": [1.3, 1.3, 1.3]
		},
		"head": {
			"rotation": [0, 117, 0],
			"translation": [0, 14.25, 0]
		},
		"fixed": {
			"rotation": [0, -90, 0],
			"translation": [-0.5, 5.25, -2],
			"scale": [1.5, 1.5, 1.5]
		}
	}
}