{
	"credit": "Made with Blockbench",
	"texture_size": [32, 32],
	"textures": {
		"0": "item/pepeland/carved_pumpkin/part_1/catsittingverycomfortable/catsittingverycomfortable",
		"particle": "item/pepeland/carved_pumpkin/part_1/catsittingverycomfortable/catsittingverycomfortable"
	},
	"elements": [
		{
			"from": [5, 0, 7],
			"to": [12, 8, 11],
			"rotation": {"angle": 0, "axis": "x", "origin": [8.5, 3.5, 9]},
			"faces": {
				"north": {"uv": [2, 7.5, 5.5, 11.5], "texture": "#0"},
				"east": {"uv": [8, 5, 10, 9], "texture": "#0"},
				"south": {"uv": [8, 1, 11.5, 5], "texture": "#0"},
				"west": {"uv": [5.5, 8.5, 7.5, 12.5], "texture": "#0"},
				"up": {"uv": [11, 11, 7.5, 9], "texture": "#0"},
				"down": {"uv": [13.5, 5, 10, 7], "texture": "#0"}
			}
		},
		{
			"from": [6, 8, 6],
			"to": [11, 13, 11],
			"rotation": {"angle": 0, "axis": "x", "origin": [8.5, 3.5, 9]},
			"faces": {
				"north": {"uv": [0, 0, 2.5, 2.5], "texture": "#0"},
				"east": {"uv": [0, 2.5, 2.5, 5], "texture": "#0"},
				"south": {"uv": [2.5, 0, 5, 2.5], "texture": "#0"},
				"west": {"uv": [2.5, 2.5, 5, 5], "texture": "#0"},
				"up": {"uv": [2.5, 7.5, 0, 5], "texture": "#0"},
				"down": {"uv": [7.5, 0, 5, 2.5], "texture": "#0"}
			}
		},
		{
			"from": [6, 13, 7],
			"to": [7, 14, 9],
			"rotation": {"angle": 0, "axis": "x", "origin": [6.5, 13.5, 8]},
			"faces": {
				"north": {"uv": [5.5, 3, 6, 3.5], "texture": "#0"},
				"east": {"uv": [4.5, 5, 5.5, 5.5], "texture": "#0"},
				"south": {"uv": [5.5, 3.5, 6, 4], "texture": "#0"},
				"west": {"uv": [5, 4.5, 6, 5], "texture": "#0"},
				"up": {"uv": [3, 6.5, 2.5, 5.5], "texture": "#0"},
				"down": {"uv": [3.5, 5.5, 3, 6.5], "texture": "#0"}
			}
		},
		{
			"from": [10, 13, 7],
			"to": [11, 14, 9],
			"rotation": {"angle": 0, "axis": "x", "origin": [8.5, 3.5, 9]},
			"faces": {
				"north": {"uv": [4, 5, 4.5, 5.5], "texture": "#0"},
				"east": {"uv": [2.5, 5, 3.5, 5.5], "texture": "#0"},
				"south": {"uv": [5, 4, 5.5, 4.5], "texture": "#0"},
				"west": {"uv": [5, 2.5, 6, 3], "texture": "#0"},
				"up": {"uv": [5.5, 4, 5, 3], "texture": "#0"},
				"down": {"uv": [4, 5, 3.5, 6], "texture": "#0"}
			}
		},
		{
			"from": [10.1, 0, 4],
			"to": [12.1, 2, 8],
			"rotation": {"angle": 0, "axis": "y", "origin": [11, 1, 7]},
			"faces": {
				"north": {"uv": [9.5, 11, 10.5, 12], "texture": "#0"},
				"east": {"uv": [11, 0, 13, 1], "texture": "#0"},
				"south": {"uv": [11, 10, 12, 11], "texture": "#0"},
				"west": {"uv": [7.5, 11, 9.5, 12], "texture": "#0"},
				"up": {"uv": [2, 13, 1, 11], "texture": "#0"},
				"down": {"uv": [12, 8, 11, 10], "texture": "#0"}
			}
		},
		{
			"from": [4.9, 0, 4],
			"to": [6.9, 2, 8],
			"rotation": {"angle": 0, "axis": "y", "origin": [11, 1, 7]},
			"faces": {
				"north": {"uv": [3, 11.5, 4, 12.5], "texture": "#0"},
				"east": {"uv": [10.5, 11, 12.5, 12], "texture": "#0"},
				"south": {"uv": [4, 11.5, 5, 12.5], "texture": "#0"},
				"west": {"uv": [11.5, 1, 13.5, 2], "texture": "#0"},
				"up": {"uv": [3, 13.5, 2, 11.5], "texture": "#0"},
				"down": {"uv": [12.5, 2, 11.5, 4], "texture": "#0"}
			}
		},
		{
			"from": [7.4, 0, 10],
			"to": [9.4, 2, 15],
			"rotation": {"angle": 0, "axis": "y", "origin": [11, 1, 7]},
			"faces": {
				"north": {"uv": [5.5, 7.5, 6.5, 8.5], "texture": "#0"},
				"east": {"uv": [8.5, 0, 11, 1], "texture": "#0"},
				"south": {"uv": [10, 8, 11, 9], "texture": "#0"},
				"west": {"uv": [10, 7, 12.5, 8], "texture": "#0"},
				"up": {"uv": [2, 11, 1, 8.5], "texture": "#0"},
				"down": {"uv": [1, 9.5, 0, 12], "texture": "#0"}
			}
		},
		{
			"from": [5.1, 3.5, 5.5],
			"to": [7.1, 7.5, 7.5],
			"rotation": {"angle": 45, "axis": "x", "origin": [6, 6, 7]},
			"faces": {
				"north": {"uv": [7, 2.5, 8, 4.5], "texture": "#0"},
				"east": {"uv": [7, 4.5, 8, 6.5], "texture": "#0"},
				"south": {"uv": [7, 6.5, 8, 8.5], "texture": "#0"},
				"west": {"uv": [0, 7.5, 1, 9.5], "texture": "#0"},
				"up": {"uv": [8.5, 1, 7.5, 0], "texture": "#0"},
				"down": {"uv": [2, 7.5, 1, 8.5], "texture": "#0"}
			}
		},
		{
			"from": [9.9, 3.5, 5.5],
			"to": [11.9, 7.5, 7.5],
			"rotation": {"angle": 45, "axis": "x", "origin": [6, 6, 7]},
			"faces": {
				"north": {"uv": [4, 5.5, 5, 7.5], "texture": "#0"},
				"east": {"uv": [5, 5.5, 6, 7.5], "texture": "#0"},
				"south": {"uv": [6, 2.5, 7, 4.5], "texture": "#0"},
				"west": {"uv": [6, 4.5, 7, 6.5], "texture": "#0"},
				"up": {"uv": [3.5, 7.5, 2.5, 6.5], "texture": "#0"},
				"down": {"uv": [7, 6.5, 6, 7.5], "texture": "#0"}
			}
		},
		{
			"from": [7, 8.75, 5],
			"to": [10, 10.75, 6],
			"faces": {
				"north": {"uv": [11.5, 4, 13, 5], "texture": "#0"},
				"east": {"uv": [3.5, 6, 4, 7], "texture": "#0"},
				"south": {"uv": [7.5, 12, 9, 13], "texture": "#0"},
				"west": {"uv": [7.5, 1, 8, 2], "texture": "#0"},
				"up": {"uv": [13.5, 8.5, 12, 8], "texture": "#0"},
				"down": {"uv": [13.5, 8.5, 12, 9], "texture": "#0"}
			}
		}
	],
	"display": {
		"thirdperson_righthand": {
			"translation": [0.25, 3.5, -0.25],
			"scale": [0.49, 0.49, 0.49]
		},
		"thirdperson_lefthand": {
			"translation": [-0.25, 3.5, -0.25],
			"scale": [0.49, 0.49, 0.49]
		},
		"firstperson_righthand": {
			"rotation": [0, 110, 0],
			"translation": [0, 4.5, 1],
			"scale": [0.56, 0.56, 0.56]
		},
		"firstperson_lefthand": {
			"rotation": [0, 110, 0],
			"translation": [0, 4.5, 1],
			"scale": [0.56, 0.56, 0.56]
		},
		"ground": {
			"translation": [0, 2.5, 0],
			"scale": [0.63, 0.63, 0.63]
		},
		"gui": {
			"rotation": [17, -142, 0],
			"translation": [0.5, 1.25, 0],
			"scale": [0.82, 0.82, 0.82]
		},
		"head": {
			"translation": [-1, 14.75, -1.5],
			"scale": [1.07, 1.07, 1.07]
		},
		"fixed": {
			"rotation": [-90, 0, 0],
			"translation": [-0.75, -2.25, -10.75],
			"scale": [1.41, 1.41, 1.41]
		}
	}
}