{
	"credit": "Made with Blockbench",
	"texture_size": [32, 32],
	"textures": {
		"0": "item/pepeland/carved_pumpkin/part_2/bant_cyan/bant_cyan",
		"particle": "item/pepeland/carved_pumpkin/part_2/bant_cyan/bant_cyan"
	},
	"elements": [
		{
			"from": [2, 3, 8],
			"to": [8, 9, 8],
			"faces": {
				"north": {"uv": [0, 0, 3, 3], "texture": "#0"},
				"east": {"uv": [0, 0, 0, 3], "texture": "#0"},
				"south": {"uv": [3, 0, 0, 3], "texture": "#0"},
				"west": {"uv": [0, 0, 0, 3], "texture": "#0"},
				"up": {"uv": [3, 0, 0, 0], "texture": "#0"},
				"down": {"uv": [3, 0, 0, 0], "texture": "#0"}
			}
		},
		{
			"from": [1, 0, 8.05],
			"to": [7, 3, 8.05],
			"rotation": {"angle": 22.5, "axis": "z", "origin": [5, 3.5, 8]},
			"faces": {
				"north": {"uv": [0, 6, 3, 7.5], "texture": "#0"},
				"east": {"uv": [0, 0, 0, 1.5], "texture": "#0"},
				"south": {"uv": [3, 6, 0, 7.5], "texture": "#0"},
				"west": {"uv": [0, 0, 0, 1.5], "texture": "#0"},
				"up": {"uv": [3, 0, 0, 0], "texture": "#0"},
				"down": {"uv": [3, 0, 0, 0], "texture": "#0"}
			}
		},
		{
			"from": [9, 0, 8.025],
			"to": [15, 3, 8.025],
			"rotation": {"angle": -22.5, "axis": "z", "origin": [11, 3.5, 8.1]},
			"faces": {
				"north": {"uv": [6, 1.5, 9, 3], "texture": "#0"},
				"east": {"uv": [0, 0, 0, 1.5], "texture": "#0"},
				"south": {"uv": [9, 1.5, 6, 3], "texture": "#0"},
				"west": {"uv": [0, 0, 0, 1.5], "texture": "#0"},
				"up": {"uv": [3, 0, 0, 0], "texture": "#0"},
				"down": {"uv": [3, 0, 0, 0], "texture": "#0"}
			}
		},
		{
			"from": [8, 3, 8],
			"to": [14, 9, 8],
			"faces": {
				"north": {"uv": [3, 0, 6, 3], "texture": "#0"},
				"east": {"uv": [0, 0, 0, 3], "texture": "#0"},
				"south": {"uv": [6, 0, 3, 3], "texture": "#0"},
				"west": {"uv": [0, 0, 0, 3], "texture": "#0"},
				"up": {"uv": [3, 0, 0, 0], "texture": "#0"},
				"down": {"uv": [3, 0, 0, 0], "texture": "#0"}
			}
		},
		{
			"from": [7, 5, 7.075],
			"to": [9, 7, 8.075],
			"faces": {
				"north": {"uv": [6, 3, 7, 4], "texture": "#0"},
				"east": {"uv": [6, 5, 6.5, 6], "texture": "#0"},
				"south": {"uv": [6, 3, 7, 4], "texture": "#0"},
				"west": {"uv": [6, 6, 6.5, 7], "texture": "#0"},
				"up": {"uv": [7.5, 5.5, 6.5, 5], "texture": "#0"},
				"down": {"uv": [7.5, 5.5, 6.5, 6], "texture": "#0"}
			}
		}
	],
	"display": {
		"thirdperson_righthand": {
			"translation": [0, 2.5, -1],
			"scale": [0.5, 0.5, 0.5]
		},
		"thirdperson_lefthand": {
			"translation": [0, 2.5, -1],
			"scale": [0.5, 0.5, 0.5]
		},
		"firstperson_righthand": {
			"rotation": [0, 99, 0],
			"translation": [1.25, 5.25, 0],
			"scale": [0.64, 0.64, 0.64]
		},
		"firstperson_lefthand": {
			"rotation": [0, 99, 0],
			"translation": [1.25, 5.25, 0],
			"scale": [0.64, 0.64, 0.64]
		},
		"ground": {
			"translation": [0, 3.75, 0],
			"scale": [0.72, 0.72, 0.72]
		},
		"gui": {
			"rotation": [23, -153, 0],
			"translation": [0, 3.25, 0]
		},
		"head": {
			"rotation": [23, -22, 10],
			"translation": [5.5, 7.75, -7],
			"scale": [0.84, 0.84, 0.84]
		},
		"fixed": {
			"translation": [0, 8, -0.5],
			"scale": [2.03, 2.03, 2.03]
		}
	}
}