{
	"credit": "Made with Blockbench",
	"texture_size": [32, 32],
	"textures": {
		"0": "item/pepeland/carved_pumpkin/part_1/beret/beret",
		"particle": "item/pepeland/carved_pumpkin/part_1/beret/beret"
	},
	"elements": [
		{
			"from": [3.5, 2, 3.5],
			"to": [12.5, 4, 12.5],
			"faces": {
				"north": {"uv": [4.5, 0, 9, 1], "texture": "#0"},
				"east": {"uv": [4.5, 1, 9, 2], "texture": "#0"},
				"south": {"uv": [4.5, 2, 9, 3], "texture": "#0"},
				"west": {"uv": [4.5, 3, 9, 4], "texture": "#0"},
				"up": {"uv": [4.5, 4.5, 0, 0], "texture": "#0"},
				"down": {"uv": [4.5, 4.5, 0, 9], "texture": "#0"}
			}
		},
		{
			"from": [4, 1, 4],
			"to": [12, 2, 12],
			"faces": {
				"north": {"uv": [9, 0, 13, 0.5], "texture": "#0"},
				"east": {"uv": [9, 0.5, 13, 1], "texture": "#0"},
				"south": {"uv": [9, 1, 13, 1.5], "texture": "#0"},
				"west": {"uv": [9, 1.5, 13, 2], "texture": "#0"},
				"up": {"uv": [11.5, 10, 7.5, 6], "texture": "#0"},
				"down": {"uv": [4, 9, 0, 13], "texture": "#0"}
			}
		},
		{
			"from": [5, 4, 5],
			"to": [11, 4.5, 11],
			"faces": {
				"north": {"uv": [7.5, 4, 10.5, 4.5], "texture": "#0"},
				"east": {"uv": [7.5, 4.5, 10.5, 5], "texture": "#0"},
				"south": {"uv": [7.5, 5, 10.5, 5.5], "texture": "#0"},
				"west": {"uv": [7.5, 5.5, 10.5, 6], "texture": "#0"},
				"up": {"uv": [7.5, 7, 4.5, 4], "texture": "#0"},
				"down": {"uv": [7.5, 7, 4.5, 10], "texture": "#0"}
			}
		},
		{
			"from": [7.5, 4.5, 7.5],
			"to": [8.5, 5.5, 8.5],
			"rotation": {"angle": 0, "axis": "y", "origin": [8.5, 2.5, 8.5]},
			"faces": {
				"north": {"uv": [9, 2, 9.5, 2.5], "texture": "#0"},
				"east": {"uv": [9, 2.5, 9.5, 3], "texture": "#0"},
				"south": {"uv": [9, 3, 9.5, 3.5], "texture": "#0"},
				"west": {"uv": [9, 3.5, 9.5, 4], "texture": "#0"},
				"up": {"uv": [4.5, 9.5, 4, 9], "texture": "#0"},
				"down": {"uv": [10, 2, 9.5, 2.5], "texture": "#0"}
			}
		}
	],
	"display": {
		"thirdperson_righthand": {
			"translation": [0, 3.75, 0],
			"scale": [0.58, 0.58, 0.58]
		},
		"thirdperson_lefthand": {
			"translation": [0, 3.75, 0],
			"scale": [0.58, 0.58, 0.58]
		},
		"firstperson_righthand": {
			"translation": [0, 7.5, 0],
			"scale": [0.8, 0.8, 0.8]
		},
		"firstperson_lefthand": {
			"translation": [0, 7.5, 0],
			"scale": [0.8, 0.8, 0.8]
		},
		"ground": {
			"translation": [0, 3, 0],
			"scale": [0.84, 0.84, 0.84]
		},
		"gui": {
			"rotation": [33, 45, 0],
			"translation": [0, 4, 0]
		},
		"head": {
			"rotation": [0, 0, -8],
			"translation": [1.75, 17.25, 0],
			"scale": [1.9, 1.9, 1.9]
		},
		"fixed": {
			"rotation": [-90, 0, 0],
			"translation": [0, 0.5, -14],
			"scale": [2, 2, 2]
		}
	}
}