{
	"credit": "Made with Blockbench",
	"texture_size": [64, 64],
	"textures": {
		"0": "item/pepeland/carved_pumpkin/part_1/pirate_hat/pirate_hat",
		"particle": "item/pepeland/carved_pumpkin/part_1/pirate_hat/pirate_hat"
	},
	"elements": [
		{
			"from": [0, 0, 3],
			"to": [16, 0, 13],
			"faces": {
				"north": {"uv": [0, 0, 4, 0], "texture": "#0"},
				"east": {"uv": [0, 0, 2.5, 0], "texture": "#0"},
				"south": {"uv": [0, 0, 4, 0], "texture": "#0"},
				"west": {"uv": [0, 0, 2.5, 0], "texture": "#0"},
				"up": {"uv": [6.5, 8.25, 2.5, 5.75], "texture": "#0"},
				"down": {"uv": [6.5, 5.75, 2.5, 8.25], "texture": "#0"}
			}
		},
		{
			"from": [3, 0.01, 4],
			"to": [13, 8.01, 12],
			"faces": {
				"north": {"uv": [0, 7, 2.5, 9], "texture": "#0"},
				"east": {"uv": [5, 8.25, 7, 10.25], "texture": "#0"},
				"south": {"uv": [8, 0, 10.5, 2], "texture": "#0"},
				"west": {"uv": [7, 8.25, 9, 10.25], "texture": "#0"},
				"up": {"uv": [10.5, 4, 8, 2], "texture": "#0"},
				"down": {"uv": [5, 8.25, 2.5, 10.25], "texture": "#0"}
			}
		},
		{
			"from": [0, 0, 3],
			"to": [0, 5, 13],
			"faces": {
				"north": {"uv": [0, 0, 0, 1.25], "texture": "#0"},
				"east": {"uv": [0, 4.5, 2.5, 5.75], "texture": "#0"},
				"south": {"uv": [0, 0, 0, 1.25], "texture": "#0"},
				"west": {"uv": [0, 4.5, 2.5, 5.75], "texture": "#0"},
				"up": {"uv": [0, 2.5, 0, 0], "texture": "#0"},
				"down": {"uv": [0, 0, 0, 2.5], "texture": "#0"}
			}
		},
		{
			"from": [0, 0, 13],
			"to": [16, 9, 13],
			"faces": {
				"north": {"uv": [4, 2.25, 8, 4.5], "texture": "#0"},
				"east": {"uv": [0, 0, 0, 2.25], "texture": "#0"},
				"south": {"uv": [4, 2.25, 8, 4.5], "texture": "#0"},
				"west": {"uv": [0, 0, 0, 2.25], "texture": "#0"},
				"up": {"uv": [4, 0, 0, 0], "texture": "#0"},
				"down": {"uv": [4, 0, 0, 0], "texture": "#0"}
			}
		},
		{
			"from": [0, 0, 3],
			"to": [16, 9, 3],
			"rotation": {"angle": 0, "axis": "y", "origin": [8, 4.5, 13]},
			"faces": {
				"north": {"uv": [0, 2.25, 4, 4.5], "texture": "#0"},
				"east": {"uv": [0, 0, 0, 2.25], "texture": "#0"},
				"south": {"uv": [4, 2.25, 8, 4.5], "texture": "#0"},
				"west": {"uv": [0, 0, 0, 2.25], "texture": "#0"},
				"up": {"uv": [4, 0, 0, 0], "rotation": 180, "texture": "#0"},
				"down": {"uv": [4, 0, 0, 0], "rotation": 180, "texture": "#0"}
			}
		},
		{
			"from": [16, 0, 3],
			"to": [16, 5, 13],
			"faces": {
				"north": {"uv": [0, 0, 0, 1.25], "texture": "#0"},
				"east": {"uv": [0, 4.5, 2.5, 5.75], "texture": "#0"},
				"south": {"uv": [0, 0, 0, 1.25], "texture": "#0"},
				"west": {"uv": [0, 4.5, 2.5, 5.75], "texture": "#0"},
				"up": {"uv": [0, 2.5, 0, 0], "texture": "#0"},
				"down": {"uv": [0, 0, 0, 2.5], "texture": "#0"}
			}
		}
	],
	"display": {
		"thirdperson_righthand": {
			"translation": [0, 3.25, 0],
			"scale": [0.39, 0.39, 0.39]
		},
		"thirdperson_lefthand": {
			"translation": [0, 3.25, 0],
			"scale": [0.39, 0.39, 0.39]
		},
		"firstperson_righthand": {
			"rotation": [0, 128, 0],
			"translation": [0, 5.75, 0],
			"scale": [0.57, 0.57, 0.57]
		},
		"firstperson_lefthand": {
			"rotation": [0, 128, 0],
			"translation": [0, 5.75, 0],
			"scale": [0.57, 0.57, 0.57]
		},
		"ground": {
			"translation": [0, 1.5, 0],
			"scale": [0.39, 0.39, 0.39]
		},
		"gui": {
			"rotation": [34, -138, 0],
			"translation": [0, 3, 0],
			"scale": [0.79, 0.79, 0.79]
		},
		"head": {
			"translation": [0, 18.25, 0],
			"scale": [1.48, 1.48, 1.48]
		},
		"fixed": {
			"rotation": [-90, 0, 0],
			"translation": [0, 0, -11],
			"scale": [1.36, 1.36, 1.36]
		}
	}
}