{
	"credit": "Made with Blockbench",
	"texture_size": [32, 32],
	"textures": {
		"0": "item/pepeland/carved_pumpkin/part_1/pizza/pizza",
		"particle": "item/pepeland/carved_pumpkin/part_1/pizza/pizza"
	},
	"elements": [
		{
			"from": [2, 0, 2],
			"to": [14, 0.5, 14],
			"faces": {
				"north": {"uv": [6, 0, 12, 0.5], "texture": "#0"},
				"east": {"uv": [6, 0.5, 12, 1], "texture": "#0"},
				"south": {"uv": [6, 1, 12, 1.5], "texture": "#0"},
				"west": {"uv": [6, 1.5, 12, 2], "texture": "#0"},
				"up": {"uv": [6, 6, 0, 0], "texture": "#0"},
				"down": {"uv": [6, 6, 0, 12], "texture": "#0"}
			}
		},
		{
			"from": [2, 0.5, 2],
			"to": [14, 0.75, 2.75],
			"faces": {
				"north": {"uv": [7, 4, 13, 4.5], "texture": "#0"},
				"east": {"uv": [7, 6, 7.5, 6.5], "texture": "#0"},
				"south": {"uv": [7, 4.5, 13, 5], "texture": "#0"},
				"west": {"uv": [7, 6.5, 7.5, 7], "texture": "#0"},
				"up": {"uv": [13, 5.5, 7, 5], "texture": "#0"},
				"down": {"uv": [13, 5.5, 7, 6], "texture": "#0"}
			}
		},
		{
			"from": [2, 0.5, 13.25],
			"to": [14, 0.75, 14],
			"faces": {
				"north": {"uv": [7, 7, 13, 7.5], "texture": "#0"},
				"east": {"uv": [7.5, 6.5, 8, 7], "texture": "#0"},
				"south": {"uv": [7.5, 3, 13.5, 3.5], "texture": "#0"},
				"west": {"uv": [7, 7.5, 7.5, 8], "texture": "#0"},
				"up": {"uv": [13.5, 4, 7.5, 3.5], "texture": "#0"},
				"down": {"uv": [13.5, 6, 7.5, 6.5], "texture": "#0"}
			}
		},
		{
			"from": [2, 0.5, 2.75],
			"to": [2.75, 0.75, 13.25],
			"rotation": {"angle": 0, "axis": "y", "origin": [2.375, 0.625, 8.75]},
			"faces": {
				"north": {"uv": [7, 3, 7.5, 3.5], "texture": "#0"},
				"east": {"uv": [6, 2, 11.5, 2.5], "texture": "#0"},
				"south": {"uv": [7, 3.5, 7.5, 4], "texture": "#0"},
				"west": {"uv": [6, 2.5, 11.5, 3], "texture": "#0"},
				"up": {"uv": [6.5, 8.5, 6, 3], "texture": "#0"},
				"down": {"uv": [7, 3, 6.5, 8.5], "texture": "#0"}
			}
		},
		{
			"from": [13.25, 0.5, 2.75],
			"to": [14, 0.75, 13.25],
			"rotation": {"angle": 0, "axis": "y", "origin": [2.375, 0.625, 8.75]},
			"faces": {
				"north": {"uv": [8, 8, 8.5, 8.5], "texture": "#0"},
				"east": {"uv": [7.5, 7.5, 13, 8], "texture": "#0"},
				"south": {"uv": [6, 8.5, 6.5, 9], "texture": "#0"},
				"west": {"uv": [8, 6.5, 13.5, 7], "texture": "#0"},
				"up": {"uv": [7.5, 13.5, 7, 8], "texture": "#0"},
				"down": {"uv": [8, 8, 7.5, 13.5], "texture": "#0"}
			}
		}
	],
	"display": {
		"thirdperson_righthand": {
			"translation": [0, 5.25, 0],
			"scale": [0.64, 0.64, 0.64]
		},
		"thirdperson_lefthand": {
			"translation": [0, 5.25, 0],
			"scale": [0.64, 0.64, 0.64]
		},
		"firstperson_righthand": {
			"translation": [0, 7.5, 0]
		},
		"firstperson_lefthand": {
			"translation": [0, 7.5, 0]
		},
		"ground": {
			"translation": [0, 4.75, 0],
			"scale": [0.75, 0.75, 0.75]
		},
		"gui": {
			"rotation": [25, 44, 0],
			"translation": [0, 5.5, 0],
			"scale": [0.88, 0.88, 0.88]
		},
		"head": {
			"translation": [0, 17, 0],
			"scale": [1.33, 1.33, 1.33]
		},
		"fixed": {
			"rotation": [-90, 0, 0],
			"translation": [0, 0, -16],
			"scale": [2.02, 2.02, 2.02]
		}
	}
}