{
	"credit": "Made with Blockbench",
	"textures": {
		"0": "item/pepeland/carved_pumpkin/part_2/pencil_cyan/pencil_cyan",
		"particle": "item/pepeland/carved_pumpkin/part_2/pencil_cyan/pencil_cyan"
	},
	"elements": [
		{
			"from": [4.15, 0, 4],
			"to": [4.15, 10, 12],
			"rotation": {"angle": -22.5, "axis": "z", "origin": [4.15, 0, 8]},
			"faces": {
				"north": {"uv": [0, 0, 0, 10], "texture": "#0"},
				"east": {"uv": [4, 0, 0, 5], "texture": "#0"},
				"south": {"uv": [0, 0, 0, 10], "texture": "#0"},
				"west": {"uv": [0, 0, 4, 5], "texture": "#0"},
				"up": {"uv": [0, 8, 0, 0], "texture": "#0"},
				"down": {"uv": [0, 0, 0, 8], "texture": "#0"}
			}
		},
		{
			"from": [11.8, 0, 4],
			"to": [11.8, 10, 12],
			"rotation": {"angle": 22.5, "axis": "z", "origin": [11.85, 0, 8]},
			"faces": {
				"north": {"uv": [0, 0, 0, 10], "texture": "#0"},
				"east": {"uv": [12, 0, 8, 5], "texture": "#0"},
				"south": {"uv": [0, 0, 0, 10], "texture": "#0"},
				"west": {"uv": [8, 0, 12, 5], "texture": "#0"},
				"up": {"uv": [0, 8, 0, 0], "texture": "#0"},
				"down": {"uv": [0, 0, 0, 8], "texture": "#0"}
			}
		},
		{
			"from": [4, 0, 11.8],
			"to": [12, 10, 11.8],
			"rotation": {"angle": -22.5, "axis": "x", "origin": [8, 0, 11.8]},
			"faces": {
				"north": {"uv": [4, 5, 0, 10], "texture": "#0"},
				"east": {"uv": [0, 0, 0, 10], "texture": "#0"},
				"south": {"uv": [0, 5, 4, 10], "texture": "#0"},
				"west": {"uv": [0, 0, 0, 5.5], "texture": "#0"},
				"up": {"uv": [8, 0, 0, 0], "texture": "#0"},
				"down": {"uv": [8, 0, 0, 0], "texture": "#0"}
			}
		},
		{
			"from": [4, 0, 4.15],
			"to": [12, 10, 4.15],
			"rotation": {"angle": 22.5, "axis": "x", "origin": [8, 0, 4.15]},
			"faces": {
				"north": {"uv": [8, 0, 4, 5], "texture": "#0"},
				"east": {"uv": [0, 0, 0, 10], "texture": "#0"},
				"south": {"uv": [8, 0, 4, 5], "texture": "#0"},
				"west": {"uv": [0, 9.5, 1, 14.5], "texture": "#0"},
				"up": {"uv": [8, 0, 0, 0], "texture": "#0"},
				"down": {"uv": [8, 0, 0, 0], "texture": "#0"}
			}
		}
	],
	"display": {
		"thirdperson_righthand": {
			"translation": [0, 4, 0],
			"scale": [0.51, 0.51, 0.51]
		},
		"thirdperson_lefthand": {
			"translation": [0, 4, 0],
			"scale": [0.51, 0.51, 0.51]
		},
		"firstperson_righthand": {
			"translation": [0, 5.5, 0],
			"scale": [0.66, 0.66, 0.66]
		},
		"firstperson_lefthand": {
			"translation": [0, 5.5, 0],
			"scale": [0.66, 0.66, 0.66]
		},
		"ground": {
			"translation": [0, 6.5, 0]
		},
		"gui": {
			"rotation": [35, 45, 0],
			"translation": [0, 3.5, 0]
		},
		"head": {
			"translation": [0, 20, 0],
			"scale": [1.71, 1.71, 1.71]
		},
		"fixed": {
			"rotation": [-90, 0, 0],
			"translation": [0, 0, -15],
			"scale": [1.89, 1.89, 1.89]
		}
	}
}