{
	"credit": "Made with Blockbench",
	"texture_size": [64, 64],
	"textures": {
		"0": "item/pepeland/carved_pumpkin/part_1/seagull/seagull",
		"particle": "item/pepeland/carved_pumpkin/part_1/seagull/seagull"
	},
	"elements": [
		{
			"from": [5, -3, 6],
			"to": [8, -3, 9],
			"rotation": {"angle": 0, "axis": "y", "origin": [5, -3, 6]},
			"faces": {
				"north": {"uv": [0, 0, 0.75, 0], "texture": "#0"},
				"east": {"uv": [0, 0, 0.75, 0], "texture": "#0"},
				"south": {"uv": [0, 0, 0.75, 0], "texture": "#0"},
				"west": {"uv": [0, 0, 0.75, 0], "texture": "#0"},
				"up": {"uv": [2, 7.25, 1.25, 6.5], "texture": "#0"},
				"down": {"uv": [7.25, 1.75, 6.5, 2.5], "texture": "#0"}
			}
		},
		{
			"from": [5, -3, 9],
			"to": [8, 0, 9],
			"rotation": {"angle": 22.5, "axis": "x", "origin": [5, -3, 9]},
			"faces": {
				"north": {"uv": [4.5, 6.5, 5.25, 7.25], "texture": "#0"},
				"east": {"uv": [0, 0, 0, 0.75], "texture": "#0"},
				"south": {"uv": [5.25, 6.5, 6, 7.25], "texture": "#0"},
				"west": {"uv": [0, 0, 0, 0.75], "texture": "#0"},
				"up": {"uv": [0.75, 0, 0, 0], "texture": "#0"},
				"down": {"uv": [0.75, 0, 0, 0], "texture": "#0"}
			}
		},
		{
			"from": [8, -0.225, 10.15],
			"to": [11, 2.775, 10.15],
			"rotation": {"angle": 0, "axis": "x", "origin": [8, -0.225, 10.15]},
			"faces": {
				"north": {"uv": [0, 7, 0.75, 7.75], "texture": "#0"},
				"east": {"uv": [0, 0, 0, 0.75], "texture": "#0"},
				"south": {"uv": [7.25, 0, 8, 0.75], "texture": "#0"},
				"west": {"uv": [0, 0, 0, 0.75], "texture": "#0"},
				"up": {"uv": [0.75, 0, 0, 0], "texture": "#0"},
				"down": {"uv": [0.75, 0, 0, 0], "texture": "#0"}
			}
		},
		{
			"from": [5, -0.225, 10.15],
			"to": [8, 2.775, 10.15],
			"rotation": {"angle": 0, "axis": "x", "origin": [5, -0.225, 10.15]},
			"faces": {
				"north": {"uv": [6.75, 5.75, 7.5, 6.5], "texture": "#0"},
				"east": {"uv": [0, 0, 0, 0.75], "texture": "#0"},
				"south": {"uv": [6.75, 6.5, 7.5, 7.25], "texture": "#0"},
				"west": {"uv": [0, 0, 0, 0.75], "texture": "#0"},
				"up": {"uv": [0.75, 0, 0, 0], "texture": "#0"},
				"down": {"uv": [0.75, 0, 0, 0], "texture": "#0"}
			}
		},
		{
			"from": [8, -3, 9],
			"to": [11, 0, 9],
			"rotation": {"angle": 22.5, "axis": "x", "origin": [8, -3, 9]},
			"faces": {
				"north": {"uv": [6, 6.5, 6.75, 7.25], "texture": "#0"},
				"east": {"uv": [0, 0, 0, 0.75], "texture": "#0"},
				"south": {"uv": [6.75, 5, 7.5, 5.75], "texture": "#0"},
				"west": {"uv": [0, 0, 0, 0.75], "texture": "#0"},
				"up": {"uv": [0.75, 0, 0, 0], "texture": "#0"},
				"down": {"uv": [0.75, 0, 0, 0], "texture": "#0"}
			}
		},
		{
			"from": [8, -3, 6],
			"to": [11, -3, 9],
			"rotation": {"angle": 0, "axis": "y", "origin": [8, -3, 6]},
			"faces": {
				"north": {"uv": [0, 0, 0.75, 0], "texture": "#0"},
				"east": {"uv": [0, 0, 0.75, 0], "texture": "#0"},
				"south": {"uv": [0, 0, 0.75, 0], "texture": "#0"},
				"west": {"uv": [0, 0, 0.75, 0], "texture": "#0"},
				"up": {"uv": [7.25, 4.25, 6.5, 3.5], "texture": "#0"},
				"down": {"uv": [7.25, 4.25, 6.5, 5], "texture": "#0"}
			}
		},
		{
			"from": [5, 2.5, 3],
			"to": [11, 8.5, 13],
			"rotation": {"angle": 0, "axis": "y", "origin": [5, 2.5, 3]},
			"faces": {
				"north": {"uv": [4, 3.75, 5.5, 5.25], "texture": "#0"},
				"east": {"uv": [0, 0, 2.5, 1.5], "texture": "#0"},
				"south": {"uv": [0, 4.25, 1.5, 5.75], "texture": "#0"},
				"west": {"uv": [0, 1.5, 2.5, 3], "texture": "#0"},
				"up": {"uv": [4, 2.5, 2.5, 0], "texture": "#0"},
				"down": {"uv": [4, 2.5, 2.5, 5], "texture": "#0"}
			}
		},
		{
			"from": [6.5, 3.75, 1],
			"to": [9.5, 12.75, 4],
			"rotation": {"angle": 0, "axis": "y", "origin": [6.5, 3.75, 1]},
			"faces": {
				"north": {"uv": [1.5, 4.25, 2.25, 6.5], "texture": "#0"},
				"east": {"uv": [2.25, 5, 3, 7.25], "texture": "#0"},
				"south": {"uv": [3, 5, 3.75, 7.25], "texture": "#0"},
				"west": {"uv": [3.75, 5.25, 4.5, 7.5], "texture": "#0"},
				"up": {"uv": [1.5, 8, 0.75, 7.25], "texture": "#0"},
				"down": {"uv": [8, 0.75, 7.25, 1.5], "texture": "#0"}
			}
		},
		{
			"from": [7, 9.75, -4],
			"to": [9, 11.75, 1],
			"rotation": {"angle": 0, "axis": "y", "origin": [7, 9.75, -4]},
			"faces": {
				"north": {"uv": [6.5, 2.5, 7, 3], "texture": "#0"},
				"east": {"uv": [6, 0.75, 7.25, 1.25], "texture": "#0"},
				"south": {"uv": [7.25, 4, 7.75, 4.5], "texture": "#0"},
				"west": {"uv": [6, 1.25, 7.25, 1.75], "texture": "#0"},
				"up": {"uv": [2.5, 4.25, 2, 3], "texture": "#0"},
				"down": {"uv": [6.5, 1.75, 6, 3], "texture": "#0"}
			}
		},
		{
			"from": [4, 3.5, 4],
			"to": [5, 8.5, 12],
			"rotation": {"angle": 0, "axis": "y", "origin": [4, 3.5, 4]},
			"faces": {
				"north": {"uv": [3.25, 7.25, 3.5, 8.5], "texture": "#0"},
				"east": {"uv": [0, 3, 2, 4.25], "texture": "#0"},
				"south": {"uv": [3.5, 7.25, 3.75, 8.5], "texture": "#0"},
				"west": {"uv": [4, 0, 6, 1.25], "texture": "#0"},
				"up": {"uv": [2.25, 8.5, 2, 6.5], "texture": "#0"},
				"down": {"uv": [1.75, 7.25, 1.5, 9.25], "texture": "#0"}
			}
		},
		{
			"from": [11, 3.5, 4],
			"to": [12, 8.5, 12],
			"rotation": {"angle": 0, "axis": "y", "origin": [11, 3.5, 4]},
			"faces": {
				"north": {"uv": [4.5, 7.25, 4.75, 8.5], "texture": "#0"},
				"east": {"uv": [4, 1.25, 6, 2.5], "texture": "#0"},
				"south": {"uv": [4.75, 7.25, 5, 8.5], "texture": "#0"},
				"west": {"uv": [4, 2.5, 6, 3.75], "texture": "#0"},
				"up": {"uv": [7.5, 3.5, 7.25, 1.5], "texture": "#0"},
				"down": {"uv": [2, 7.25, 1.75, 9.25], "texture": "#0"}
			}
		},
		{
			"from": [6, 5.25, 11.5],
			"to": [10, 7.25, 16.5],
			"rotation": {"angle": 22.5, "axis": "x", "origin": [6, 5.25, 11.5]},
			"faces": {
				"north": {"uv": [2.25, 7.25, 3.25, 7.75], "texture": "#0"},
				"east": {"uv": [6, 3, 7.25, 3.5], "texture": "#0"},
				"south": {"uv": [7.25, 3.5, 8.25, 4], "texture": "#0"},
				"west": {"uv": [0, 6.5, 1.25, 7], "texture": "#0"},
				"up": {"uv": [5.5, 6.5, 4.5, 5.25], "texture": "#0"},
				"down": {"uv": [6.5, 3.75, 5.5, 5], "texture": "#0"}
			}
		},
		{
			"from": [4.5, 5, 12],
			"to": [4.5, 8, 17],
			"rotation": {"angle": -22.5, "axis": "x", "origin": [4.5, 5, 12]},
			"faces": {
				"north": {"uv": [0, 0, 0, 0.75], "texture": "#0"},
				"east": {"uv": [1.25, 5.75, 0, 6.5], "texture": "#0"},
				"south": {"uv": [0, 0, 0, 0.75], "texture": "#0"},
				"west": {"uv": [0, 5.75, 1.25, 6.5], "texture": "#0"},
				"up": {"uv": [0, 1.25, 0, 0], "texture": "#0"},
				"down": {"uv": [0, 0, 0, 1.25], "texture": "#0"}
			}
		},
		{
			"from": [11.5, 5, 12],
			"to": [11.5, 8, 17],
			"rotation": {"angle": -22.5, "axis": "x", "origin": [11.5, 5, 12]},
			"faces": {
				"north": {"uv": [0, 0, 0, 0.75], "texture": "#0"},
				"east": {"uv": [1.25, 5.75, 0, 6.5], "texture": "#0"},
				"south": {"uv": [0, 0, 0, 0.75], "texture": "#0"},
				"west": {"uv": [0, 5.75, 1.25, 6.5], "texture": "#0"},
				"up": {"uv": [0, 1.25, 0, 0], "texture": "#0"},
				"down": {"uv": [0, 0, 0, 1.25], "texture": "#0"}
			}
		}
	],
	"display": {
		"thirdperson_righthand": {
			"rotation": [68, 0, 0],
			"translation": [0, -1, -1],
			"scale": [0.57, 0.57, 0.57]
		},
		"thirdperson_lefthand": {
			"rotation": [68, 0, 0],
			"translation": [0, -1, -1],
			"scale": [0.57, 0.57, 0.57]
		},
		"firstperson_righthand": {
			"translation": [0, 2, 0]
		},
		"firstperson_lefthand": {
			"translation": [0, 2, 0]
		},
		"ground": {
			"translation": [0, 2.25, 0],
			"scale": [0.38, 0.38, 0.38]
		},
		"gui": {
			"rotation": [32, -135, 0],
			"translation": [-0.5, 2.75, 0],
			"scale": [0.86, 0.86, 0.86]
		},
		"head": {
			"translation": [0, 18.25, 0]
		},
		"fixed": {
			"rotation": [-90, 0, 0],
			"translation": [0, 0, -20],
			"scale": [1.8, 1.8, 1.8]
		}
	}
}