{
	"credit": "Made with Blockbench",
	"texture_size": [32, 32],
	"textures": {
		"0": "./choco",
		"particle": "./choco"
	},
	"elements": [
		{
			"from": [7, 0, 5],
			"to": [9, 5, 10],
			"faces": {
				"north": {"uv": [7, 13, 8, 15.5], "texture": "#0"},
				"east": {"uv": [7, 10.5, 9.5, 13], "texture": "#0"},
				"south": {"uv": [7, 13, 8, 15.5], "texture": "#0"},
				"west": {"uv": [7, 10.5, 9.5, 13], "texture": "#0"},
				"up": {"uv": [9, 15.5, 8, 13], "texture": "#0"},
				"down": {"uv": [10, 13, 9, 15.5], "texture": "#0"}
			}
		},
		{
			"from": [7.6, 5, 5.2],
			"to": [8.8, 10, 9.7],
			"faces": {
				"north": {"uv": [4, 6, 4.5, 8.5], "texture": "#0"},
				"east": {"uv": [2.5, 0, 5, 2.5], "texture": "#0"},
				"south": {"uv": [4.5, 6, 5, 8.5], "texture": "#0"},
				"west": {"uv": [2.5, 2.5, 5, 5], "texture": "#0"},
				"up": {"uv": [5.5, 8.5, 5, 6], "texture": "#0"},
				"down": {"uv": [6, 6, 5.5, 8.5], "texture": "#0"}
			}
		},
		{
			"from": [7.3, 9, 5.4],
			"to": [8.1, 9.8, 7.4],
			"faces": {
				"north": {"uv": [2.5, 8.5, 3, 9], "texture": "#0"},
				"east": {"uv": [6.5, 4, 7.5, 4.5], "texture": "#0"},
				"south": {"uv": [3.5, 8.5, 4, 9], "texture": "#0"},
				"west": {"uv": [6.5, 4.5, 7.5, 5], "texture": "#0"},
				"up": {"uv": [5.5, 4, 5, 3], "texture": "#0"},
				"down": {"uv": [5.5, 4, 5, 5], "texture": "#0"}
			}
		},
		{
			"from": [7.3, 9, 7.6],
			"to": [8.1, 9.8, 9.5],
			"faces": {
				"north": {"uv": [8.5, 3.5, 9, 4], "texture": "#0"},
				"east": {"uv": [6.5, 5, 7.5, 5.5], "texture": "#0"},
				"south": {"uv": [4, 8.5, 4.5, 9], "texture": "#0"},
				"west": {"uv": [6, 6.5, 7, 7], "texture": "#0"},
				"up": {"uv": [7.5, 1.5, 7, 0.5], "texture": "#0"},
				"down": {"uv": [7.5, 1.5, 7, 2.5], "texture": "#0"}
			}
		},
		{
			"from": [7.3, 8, 7.6],
			"to": [8.1, 8.8, 9.5],
			"faces": {
				"north": {"uv": [8.5, 4.5, 9, 5], "texture": "#0"},
				"east": {"uv": [0, 7.5, 1, 8], "texture": "#0"},
				"south": {"uv": [5, 8.5, 5.5, 9], "texture": "#0"},
				"west": {"uv": [7.5, 0.5, 8.5, 1], "texture": "#0"},
				"up": {"uv": [1.5, 8.5, 1, 7.5], "texture": "#0"},
				"down": {"uv": [8, 1, 7.5, 2], "texture": "#0"}
			}
		},
		{
			"from": [7.3, 8, 5.4],
			"to": [8.1, 8.8, 7.4],
			"faces": {
				"north": {"uv": [8.5, 4, 9, 4.5], "texture": "#0"},
				"east": {"uv": [7, 5.5, 8, 6], "texture": "#0"},
				"south": {"uv": [4.5, 8.5, 5, 9], "texture": "#0"},
				"west": {"uv": [6, 7, 7, 7.5], "texture": "#0"},
				"up": {"uv": [7.5, 7, 7, 6], "texture": "#0"},
				"down": {"uv": [7.5, 7, 7, 8], "texture": "#0"}
			}
		},
		{
			"from": [7.3, 7, 7.6],
			"to": [8.1, 7.8, 9.5],
			"faces": {
				"north": {"uv": [6, 8.5, 6.5, 9], "texture": "#0"},
				"east": {"uv": [7.5, 3.5, 8.5, 4], "texture": "#0"},
				"south": {"uv": [8.5, 6, 9, 6.5], "texture": "#0"},
				"west": {"uv": [7.5, 4, 8.5, 4.5], "texture": "#0"},
				"up": {"uv": [8, 5.5, 7.5, 4.5], "texture": "#0"},
				"down": {"uv": [6.5, 7.5, 6, 8.5], "texture": "#0"}
			}
		},
		{
			"from": [7.3, 7, 5.4],
			"to": [8.1, 7.8, 7.4],
			"faces": {
				"north": {"uv": [8.5, 5, 9, 5.5], "texture": "#0"},
				"east": {"uv": [1.5, 7.5, 2.5, 8], "texture": "#0"},
				"south": {"uv": [5.5, 8.5, 6, 9], "texture": "#0"},
				"west": {"uv": [7.5, 2, 8.5, 2.5], "texture": "#0"},
				"up": {"uv": [3, 8.5, 2.5, 7.5], "texture": "#0"},
				"down": {"uv": [8, 2.5, 7.5, 3.5], "texture": "#0"}
			}
		},
		{
			"from": [7.3, 6, 7.6],
			"to": [8.1, 6.8, 9.5],
			"faces": {
				"north": {"uv": [8.5, 7, 9, 7.5], "texture": "#0"},
				"east": {"uv": [0, 8, 1, 8.5], "texture": "#0"},
				"south": {"uv": [7.5, 8.5, 8, 9], "texture": "#0"},
				"west": {"uv": [8, 1, 9, 1.5], "texture": "#0"},
				"up": {"uv": [2, 9, 1.5, 8], "texture": "#0"},
				"down": {"uv": [2.5, 8, 2, 9], "texture": "#0"}
			}
		},
		{
			"from": [7.3, 6, 5.4],
			"to": [8.1, 6.8, 7.4],
			"faces": {
				"north": {"uv": [6.5, 8.5, 7, 9], "texture": "#0"},
				"east": {"uv": [7.5, 6, 8.5, 6.5], "texture": "#0"},
				"south": {"uv": [8.5, 6.5, 9, 7], "texture": "#0"},
				"west": {"uv": [7.5, 6.5, 8.5, 7], "texture": "#0"},
				"up": {"uv": [7, 8.5, 6.5, 7.5], "texture": "#0"},
				"down": {"uv": [8, 7, 7.5, 8], "texture": "#0"}
			}
		},
		{
			"from": [7.3, 5, 7.6],
			"to": [8.1, 5.8, 9.5],
			"faces": {
				"north": {"uv": [8.5, 8, 9, 8.5], "texture": "#0"},
				"east": {"uv": [8, 3, 9, 3.5], "texture": "#0"},
				"south": {"uv": [8.5, 8.5, 9, 9], "texture": "#0"},
				"west": {"uv": [8, 5.5, 9, 6], "texture": "#0"},
				"up": {"uv": [7.5, 9, 7, 8], "texture": "#0"},
				"down": {"uv": [8.5, 7, 8, 8], "texture": "#0"}
			}
		},
		{
			"from": [7.3, 5, 5.4],
			"to": [8.1, 5.8, 7.4],
			"faces": {
				"north": {"uv": [8.5, 7.5, 9, 8], "texture": "#0"},
				"east": {"uv": [8, 1.5, 9, 2], "texture": "#0"},
				"south": {"uv": [8, 8.5, 8.5, 9], "texture": "#0"},
				"west": {"uv": [8, 2.5, 9, 3], "texture": "#0"},
				"up": {"uv": [3.5, 9, 3, 8], "texture": "#0"},
				"down": {"uv": [8.5, 4.5, 8, 5.5], "texture": "#0"}
			}
		},
		{
			"from": [6.8, 5.1, 5],
			"to": [7.3, 6.1, 10],
			"rotation": {"angle": 22.5, "axis": "z", "origin": [7.25, 5.5, 7.5]},
			"faces": {
				"north": {"uv": [7.5, 15.5, 8, 16], "texture": "#0"},
				"east": {"uv": [12, 9.5, 14.5, 10], "texture": "#0"},
				"south": {"uv": [15, 7.5, 15.5, 8], "texture": "#0"},
				"west": {"uv": [10, 12, 12.5, 12.5], "texture": "#0"},
				"up": {"uv": [10.5, 15, 10, 12.5], "texture": "#0"},
				"down": {"uv": [13, 10, 12.5, 12.5], "texture": "#0"}
			}
		},
		{
			"from": [8.76955, 5.05035, 5],
			"to": [9.26955, 6.05035, 10],
			"rotation": {"angle": -22.5, "axis": "z", "origin": [8.91955, 5.65035, 7.5]},
			"faces": {
				"north": {"uv": [8, 15.5, 8.5, 16], "texture": "#0"},
				"east": {"uv": [10.5, 12.5, 13, 13], "texture": "#0"},
				"south": {"uv": [15, 9, 15.5, 9.5], "texture": "#0"},
				"west": {"uv": [13, 7, 15.5, 7.5], "texture": "#0"},
				"up": {"uv": [13.5, 12.5, 13, 10], "texture": "#0"},
				"down": {"uv": [11, 13, 10.5, 15.5], "texture": "#0"}
			}
		},
		{
			"from": [7, 5, 5],
			"to": [9, 6, 5.5],
			"rotation": {"angle": -45, "axis": "x", "origin": [8, 5, 5.25]},
			"faces": {
				"north": {"uv": [13, 7.5, 14, 8], "texture": "#0"},
				"east": {"uv": [14.5, 15, 15, 15.5], "texture": "#0"},
				"south": {"uv": [12.5, 8, 13.5, 8.5], "texture": "#0"},
				"west": {"uv": [15, 15, 15.5, 15.5], "texture": "#0"},
				"up": {"uv": [14, 9, 13, 8.5], "texture": "#0"},
				"down": {"uv": [14, 9, 13, 9.5], "texture": "#0"}
			}
		},
		{
			"from": [7, 4.9, 9.5],
			"to": [9, 5.9, 10],
			"rotation": {"angle": 22.5, "axis": "x", "origin": [8, 5, 10]},
			"faces": {
				"north": {"uv": [13, 12.5, 14, 13], "texture": "#0"},
				"east": {"uv": [7, 15.5, 7.5, 16], "texture": "#0"},
				"south": {"uv": [12.5, 13, 13.5, 13.5], "texture": "#0"},
				"west": {"uv": [15.5, 7, 16, 7.5], "texture": "#0"},
				"up": {"uv": [14.5, 10.5, 13.5, 10], "texture": "#0"},
				"down": {"uv": [14.5, 10.5, 13.5, 11], "texture": "#0"}
			}
		}
	],
	"display": {
		"thirdperson_righthand": {
			"rotation": [0, 90, 0],
			"translation": [0.5, 8, 0]
		},
		"thirdperson_lefthand": {
			"rotation": [0, -90, 0],
			"translation": [-0.5, 8, 0]
		},
		"firstperson_righthand": {
			"rotation": [0, 56, 0],
			"translation": [0, 4.25, -0.5]
		},
		"firstperson_lefthand": {
			"rotation": [0, -117, 0],
			"translation": [0, 4, -1]
		},
		"ground": {
			"translation": [0, 4.5, 0]
		},
		"gui": {
			"rotation": [28, 76, 0],
			"translation": [0.75, 4, 0],
			"scale": [1.5, 1.5, 1.5]
		},
		"head": {
			"translation": [0, 9.75, 0]
		},
		"fixed": {
			"rotation": [0, -90, 0],
			"translation": [-1.5, 4.5, -1.25],
			"scale": [1.5, 1.5, 1.5]
		}
	}
}