{
	"credit": "Made with Blockbench",
	"texture_size": [32, 32],
	"textures": {
		"0": "item/pepeland/carved_pumpkin/part_1/sombrero/sombrero",
		"particle": "item/pepeland/carved_pumpkin/part_1/sombrero/sombrero"
	},
	"elements": [
		{
			"from": [2, 0, 2],
			"to": [14, 1, 14],
			"faces": {
				"north": {"uv": [7, 6, 13, 6.5], "texture": "#0"},
				"east": {"uv": [7, 6.5, 13, 7], "texture": "#0"},
				"south": {"uv": [7, 7, 13, 7.5], "texture": "#0"},
				"west": {"uv": [7, 7.5, 13, 8], "texture": "#0"},
				"up": {"uv": [7, 8, 1, 2], "texture": "#0"},
				"down": {"uv": [13, 0, 7, 6], "texture": "#0"}
			}
		},
		{
			"from": [4.5, 1, 4.5],
			"to": [11.5, 4, 11.5],
			"faces": {
				"north": {"uv": [0, 0, 3.5, 1.5], "texture": "#0"},
				"east": {"uv": [3.5, 0, 7, 1.5], "texture": "#0"},
				"south": {"uv": [5.5, 8, 9, 9.5], "texture": "#0"},
				"west": {"uv": [9, 8, 12.5, 9.5], "texture": "#0"},
				"up": {"uv": [5.5, 11.5, 2, 8], "texture": "#0"},
				"down": {"uv": [9, 10, 5.5, 13.5], "texture": "#0"}
			}
		},
		{
			"from": [5, 4, 5],
			"to": [11, 6, 11],
			"faces": {
				"north": {"uv": [12, 10, 15, 11], "texture": "#0"},
				"east": {"uv": [12, 11, 15, 12], "texture": "#0"},
				"south": {"uv": [12, 12, 15, 13], "texture": "#0"},
				"west": {"uv": [12.5, 8, 15.5, 9], "texture": "#0"},
				"up": {"uv": [12, 13, 9, 10], "texture": "#0"},
				"down": {"uv": [5, 11.5, 2, 14.5], "texture": "#0"}
			}
		},
		{
			"from": [5.5, 6, 5.5],
			"to": [10.5, 7, 10.5],
			"faces": {
				"north": {"uv": [5.5, 9.5, 8, 10], "texture": "#0"},
				"east": {"uv": [12.5, 9, 15, 9.5], "texture": "#0"},
				"south": {"uv": [13, 5, 15.5, 5.5], "texture": "#0"},
				"west": {"uv": [13, 5.5, 15.5, 6], "texture": "#0"},
				"up": {"uv": [15.5, 2.5, 13, 0], "texture": "#0"},
				"down": {"uv": [15.5, 2.5, 13, 5], "texture": "#0"}
			}
		},
		{
			"from": [2, 1, 2.5],
			"to": [2.5, 1.5, 14],
			"faces": {
				"north": {"uv": [0, 2.5, 0.5, 3], "texture": "#0"},
				"east": {"uv": [7.5, 7.5, 13.25, 8], "texture": "#0"},
				"south": {"uv": [7, 7.5, 7.5, 8], "texture": "#0"},
				"west": {"uv": [7.25, 7.5, 13, 8], "texture": "#0"},
				"up": {"uv": [13.25, 8, 7.5, 7.5], "rotation": 90, "texture": "#0"},
				"down": {"uv": [1, 8.5, 0.5, 14.5], "texture": "#0"}
			}
		},
		{
			"from": [13.5, 1, 2.5],
			"to": [14, 1.5, 14],
			"faces": {
				"north": {"uv": [0, 3, 0.5, 3.5], "texture": "#0"},
				"east": {"uv": [7, 7.5, 12.75, 8], "texture": "#0"},
				"south": {"uv": [12.5, 7.5, 13, 8], "texture": "#0"},
				"west": {"uv": [7.75, 7.5, 13.5, 8], "texture": "#0"},
				"up": {"uv": [12.75, 8, 7, 7.5], "rotation": 90, "texture": "#0"},
				"down": {"uv": [2, 9, 1.5, 15], "texture": "#0"}
			}
		},
		{
			"from": [2, 1, 2],
			"to": [14, 1.5, 2.5],
			"faces": {
				"north": {"uv": [7, 7.5, 13, 8], "texture": "#0"},
				"east": {"uv": [12.5, 7.5, 13, 8], "texture": "#0"},
				"south": {"uv": [7, 7.5, 13, 8], "texture": "#0"},
				"west": {"uv": [7, 7.5, 7.5, 8], "texture": "#0"},
				"up": {"uv": [7, 8, 13, 7.5], "texture": "#0"},
				"down": {"uv": [14, 9.5, 8, 10], "texture": "#0"}
			}
		},
		{
			"from": [2.5, 1, 13.5],
			"to": [13.5, 1.5, 14],
			"faces": {
				"north": {"uv": [7.75, 7.5, 13.225, 8], "texture": "#0"},
				"east": {"uv": [0, 2, 0.5, 2.5], "texture": "#0"},
				"south": {"uv": [7.25, 7.5, 12.75, 8], "texture": "#0"},
				"west": {"uv": [0.5, 2, 1, 2.5], "texture": "#0"},
				"up": {"uv": [7.25, 8, 12.75, 7.5], "texture": "#0"},
				"down": {"uv": [5.5, 1.5, 0, 2], "texture": "#0"}
			}
		}
	],
	"display": {
		"thirdperson_righthand": {
			"translation": [0, 4, 0],
			"scale": [0.57, 0.57, 0.57]
		},
		"thirdperson_lefthand": {
			"translation": [0, 4, 0],
			"scale": [0.57, 0.57, 0.57]
		},
		"firstperson_righthand": {
			"translation": [0, 8.5, 0]
		},
		"firstperson_lefthand": {
			"translation": [0, 8.5, 0]
		},
		"ground": {
			"translation": [0, 3, 0],
			"scale": [0.63, 0.63, 0.63]
		},
		"gui": {
			"rotation": [33, 45, 0],
			"translation": [0, 4.25, 0],
			"scale": [0.85, 0.85, 0.85]
		},
		"head": {
			"translation": [0, 19.25, 0],
			"scale": [1.68, 1.68, 1.68]
		},
		"fixed": {
			"rotation": [-90, 0, 0],
			"translation": [0, 0, -17.75],
			"scale": [2.23, 2.23, 2.23]
		}
	}
}