{
  "parent": "minecraft:item/generated",
  "textures": {
    "layer0": "minecraft:item/diamond"
  },
  "overrides": [
    {
      "predicate": {
        "custom_model_data": 1
      },
      "model": "minecraft:item/cu_1"
    },
    {
      "predicate": {
        "custom_model_data": 5
      },
      "model": "minecraft:item/cu_5"
    },
    {
      "predicate": {
        "custom_model_data": 10
      },
      "model": "minecraft:item/cu_10"
    },
    {
      "predicate": {
        "custom_model_data": 50
      },
      "model": "minecraft:item/cu_50"
    },
    {
      "predicate": {
        "custom_model_data": 100
      },
      "model": "minecraft:item/cu_100"
    }
  ]
}