{
  "parent": "minecraft:item/generated",
  "textures": {
    "layer0": "minecraft:item/golden_carrot"
	},
    "overrides": 
	[
		{
            "predicate": {"custom_model_data": 9111111},
			"model": "minecraft:item/pepeland/golden_carrot/part_1/candy/candy"
		},
		{
            "predicate": {"custom_model_data": 9111112},
			"model": "minecraft:item/pepeland/golden_carrot/part_1/ice_cream/ice_cream"
		},
		{
            "predicate": {"custom_model_data": 9111113},
			"model": "minecraft:item/pepeland/golden_carrot/part_1/korzinka/korzinka"
		},
		{
            "predicate": {"custom_model_data": 9111114},
			"model": "minecraft:item/pepeland/golden_carrot/part_1/korzinka_halloween/korzinka_halloween"
		},
		{
            "predicate": {"custom_model_data": 9111115},
			"model": "minecraft:item/pepeland/golden_carrot/part_1/korzinka_summer/korzinka_summer"
		},
		{
            "predicate": {"custom_model_data": 9111116},
			"model": "minecraft:item/pepeland/golden_carrot/part_1/mandragore/mandragore"
		},
		{
            "predicate": {"custom_model_data": 9111117},
			"model": "minecraft:item/pepeland/golden_carrot/part_1/sirok/sirok"
		}
	]
}
