{
  "parent": "minecraft:item/snowball",
  "textures": {
    "0": "minecraft:item/granata",
    "particle": "minecraft:item/granata"
  },
  "elements": [
    {
      "from": [
        7,
        0,
        7
      ],
      "to": [
        9,
        1,
        9
      ],
      "rotation": {
        "origin": [
          7,
          0,
          7
        ],
        "axis": "y",
        "angle": 0
      },
      "faces": {
        "north": {
          "texture": "#0",
          "uv": [
            6,
            9,
            8,
            10
          ]
        },
        "east": {
          "texture": "#0",
          "uv": [
            8,
            9,
            10,
            10
          ]
        },
        "south": {
          "texture": "#0",
          "uv": [
            10,
            0,
            12,
            1
          ]
        },
        "west": {
          "texture": "#0",
          "uv": [
            10,
            1,
            12,
            2
          ]
        },
        "up": {
          "texture": "#0",
          "uv": [
            10,
            5,
            8,
            3
          ]
        },
        "down": {
          "texture": "#0",
          "uv": [
            6,
            8,
            4,
            10
          ]
        }
      }
    },
    {
      "from": [
        7,
        4,
        7
      ],
      "to": [
        9,
        5,
        9
      ],
      "rotation": {
        "origin": [
          7,
          4,
          7
        ],
        "axis": "y",
        "angle": 0
      },
      "faces": {
        "north": {
          "texture": "#0",
          "uv": [
            6,
            10,
            8,
            11
          ]
        },
        "east": {
          "texture": "#0",
          "uv": [
            10,
            6,
            12,
            7
          ]
        },
        "south": {
          "texture": "#0",
          "uv": [
            10,
            7,
            12,
            8
          ]
        },
        "west": {
          "texture": "#0",
          "uv": [
            8,
            10,
            10,
            11
          ]
        },
        "up": {
          "texture": "#0",
          "uv": [
            10,
            7,
            8,
            5
          ]
        },
        "down": {
          "texture": "#0",
          "uv": [
            10,
            7,
            8,
            9
          ]
        }
      }
    },
    {
      "from": [
        7.9,
        5.6,
        7.1
      ],
      "to": [
        8.1,
        6,
        8.3
      ],
      "rotation": {
        "origin": [
          6.5,
          5,
          7.1
        ],
        "axis": "y",
        "angle": 0
      },
      "faces": {
        "north": {
          "texture": "#0",
          "uv": [
            6,
            11,
            7,
            12
          ]
        },
        "east": {
          "texture": "#0",
          "uv": [
            7,
            11,
            8,
            12
          ]
        },
        "south": {
          "texture": "#0",
          "uv": [
            8,
            11,
            9,
            12
          ]
        },
        "west": {
          "texture": "#0",
          "uv": [
            11,
            8,
            12,
            9
          ]
        },
        "up": {
          "texture": "#0",
          "uv": [
            10,
            12,
            9,
            11
          ]
        },
        "down": {
          "texture": "#0",
          "uv": [
            12,
            9,
            11,
            10
          ]
        }
      }
    },
    {
      "from": [
        7.9,
        5.2,
        5.9
      ],
      "to": [
        8.1,
        5.5,
        7.1
      ],
      "rotation": {
        "origin": [
          6.5,
          4.6,
          5.9
        ],
        "axis": "y",
        "angle": 0
      },
      "faces": {
        "north": {
          "texture": "#0",
          "uv": [
            0,
            12,
            1,
            13
          ]
        },
        "east": {
          "texture": "#0",
          "uv": [
            12,
            0,
            13,
            1
          ]
        },
        "south": {
          "texture": "#0",
          "uv": [
            1,
            12,
            2,
            13
          ]
        },
        "west": {
          "texture": "#0",
          "uv": [
            12,
            1,
            13,
            2
          ]
        },
        "up": {
          "texture": "#0",
          "uv": [
            3,
            13,
            2,
            12
          ]
        },
        "down": {
          "texture": "#0",
          "uv": [
            13,
            2,
            12,
            3
          ]
        }
      }
    },
    {
      "from": [
        7.9,
        5.5,
        6.8
      ],
      "to": [
        8.1,
        6.1,
        7.1
      ],
      "rotation": {
        "origin": [
          6.5,
          4.9,
          5.9
        ],
        "axis": "y",
        "angle": 0
      },
      "faces": {
        "north": {
          "texture": "#0",
          "uv": [
            6,
            12,
            7,
            13
          ]
        },
        "east": {
          "texture": "#0",
          "uv": [
            12,
            6,
            13,
            7
          ]
        },
        "south": {
          "texture": "#0",
          "uv": [
            7,
            12,
            8,
            13
          ]
        },
        "west": {
          "texture": "#0",
          "uv": [
            12,
            7,
            13,
            8
          ]
        },
        "up": {
          "texture": "#0",
          "uv": [
            9,
            13,
            8,
            12
          ]
        },
        "down": {
          "texture": "#0",
          "uv": [
            13,
            8,
            12,
            9
          ]
        }
      }
    },
    {
      "from": [
        7.9,
        5.5,
        5.9
      ],
      "to": [
        8.1,
        6.1,
        6.2
      ],
      "rotation": {
        "origin": [
          6.5,
          4.9,
          5
        ],
        "axis": "y",
        "angle": 0
      },
      "faces": {
        "north": {
          "texture": "#0",
          "uv": [
            9,
            12,
            10,
            13
          ]
        },
        "east": {
          "texture": "#0",
          "uv": [
            12,
            9,
            13,
            10
          ]
        },
        "south": {
          "texture": "#0",
          "uv": [
            10,
            12,
            11,
            13
          ]
        },
        "west": {
          "texture": "#0",
          "uv": [
            12,
            10,
            13,
            11
          ]
        },
        "up": {
          "texture": "#0",
          "uv": [
            12,
            13,
            11,
            12
          ]
        },
        "down": {
          "texture": "#0",
          "uv": [
            13,
            11,
            12,
            12
          ]
        }
      }
    },
    {
      "from": [
        7.9,
        6.1,
        5.9
      ],
      "to": [
        8.1,
        6.4,
        7.1
      ],
      "rotation": {
        "origin": [
          8,
          6.25,
          6.5
        ],
        "axis": "y",
        "angle": 0
      },
      "faces": {
        "north": {
          "texture": "#0",
          "uv": [
            3,
            12,
            4,
            13
          ]
        },
        "east": {
          "texture": "#0",
          "uv": [
            12,
            3,
            13,
            4
          ]
        },
        "south": {
          "texture": "#0",
          "uv": [
            4,
            12,
            5,
            13
          ]
        },
        "west": {
          "texture": "#0",
          "uv": [
            12,
            4,
            13,
            5
          ]
        },
        "up": {
          "texture": "#0",
          "uv": [
            6,
            13,
            5,
            12
          ]
        },
        "down": {
          "texture": "#0",
          "uv": [
            13,
            5,
            12,
            6
          ]
        }
      }
    },
    {
      "from": [
        7.5,
        5,
        7.5
      ],
      "to": [
        8.5,
        7,
        8.5
      ],
      "rotation": {
        "origin": [
          6.5,
          5,
          6.7
        ],
        "axis": "y",
        "angle": 0
      },
      "faces": {
        "north": {
          "texture": "#0",
          "uv": [
            10,
            8,
            11,
            10
          ]
        },
        "east": {
          "texture": "#0",
          "uv": [
            10,
            10,
            11,
            12
          ]
        },
        "south": {
          "texture": "#0",
          "uv": [
            11,
            2,
            12,
            4
          ]
        },
        "west": {
          "texture": "#0",
          "uv": [
            11,
            4,
            12,
            6
          ]
        },
        "up": {
          "texture": "#0",
          "uv": [
            12,
            11,
            11,
            10
          ]
        },
        "down": {
          "texture": "#0",
          "uv": [
            12,
            11,
            11,
            12
          ]
        }
      }
    },
    {
      "from": [
        7,
        1,
        6
      ],
      "to": [
        9,
        4,
        10
      ],
      "rotation": {
        "origin": [
          7,
          1,
          7
        ],
        "axis": "y",
        "angle": 0
      },
      "faces": {
        "north": {
          "texture": "#0",
          "uv": [
            0,
            6,
            2,
            9
          ]
        },
        "east": {
          "texture": "#0",
          "uv": [
            0,
            0,
            4,
            3
          ]
        },
        "south": {
          "texture": "#0",
          "uv": [
            6,
            0,
            8,
            3
          ]
        },
        "west": {
          "texture": "#0",
          "uv": [
            0,
            3,
            4,
            6
          ]
        },
        "up": {
          "texture": "#0",
          "uv": [
            6,
            4,
            4,
            0
          ]
        },
        "down": {
          "texture": "#0",
          "uv": [
            6,
            4,
            4,
            8
          ]
        }
      }
    },
    {
      "from": [
        6,
        1,
        7
      ],
      "to": [
        7,
        4,
        9
      ],
      "rotation": {
        "origin": [
          5,
          1,
          7
        ],
        "axis": "y",
        "angle": 0
      },
      "faces": {
        "north": {
          "texture": "#0",
          "uv": [
            0,
            9,
            1,
            12
          ]
        },
        "east": {
          "texture": "#0",
          "uv": [
            2,
            6,
            4,
            9
          ]
        },
        "south": {
          "texture": "#0",
          "uv": [
            1,
            9,
            2,
            12
          ]
        },
        "west": {
          "texture": "#0",
          "uv": [
            6,
            3,
            8,
            6
          ]
        },
        "up": {
          "texture": "#0",
          "uv": [
            11,
            4,
            10,
            2
          ]
        },
        "down": {
          "texture": "#0",
          "uv": [
            5,
            10,
            4,
            12
          ]
        }
      }
    },
    {
      "from": [
        9,
        1,
        7
      ],
      "to": [
        10,
        4,
        9
      ],
      "rotation": {
        "origin": [
          8,
          1,
          7
        ],
        "axis": "y",
        "angle": 0
      },
      "faces": {
        "north": {
          "texture": "#0",
          "uv": [
            2,
            9,
            3,
            12
          ]
        },
        "east": {
          "texture": "#0",
          "uv": [
            6,
            6,
            8,
            9
          ]
        },
        "south": {
          "texture": "#0",
          "uv": [
            3,
            9,
            4,
            12
          ]
        },
        "west": {
          "texture": "#0",
          "uv": [
            8,
            0,
            10,
            3
          ]
        },
        "up": {
          "texture": "#0",
          "uv": [
            11,
            6,
            10,
            4
          ]
        },
        "down": {
          "texture": "#0",
          "uv": [
            6,
            10,
            5,
            12
          ]
        }
      }
    }
  ],
  "display": {
    "thirdperson_righthand": {
      "rotation": [
        0,
        0,
        0
      ],
      "translation": [
        0,
        4,
        -2
      ],
      "scale": [
        0,
        0,
        0
      ]
    },
    "thirdperson_lefthand": {
      "rotation": [
        0,
        0,
        0
      ],
      "translation": [
        0,
        4,
        -2
      ],
      "scale": [
        0,
        0,
        0
      ]
    },
    "firstperson_righthand": {
      "rotation": [
        0,
        0,
        0
      ],
      "translation": [
        0,
        6,
        0
      ],
      "scale": [
        0,
        0,
        0
      ]
    },
    "firstperson_lefthand": {
      "rotation": [
        0,
        0,
        0
      ],
      "translation": [
        0,
        5.5,
        0
      ],
      "scale": [
        0,
        0,
        0
      ]
    },
    "ground": {
      "rotation": [
        0,
        0,
        0
      ],
      "translation": [
        0,
        5.25,
        0
      ],
      "scale": [
        0,
        0,
        0
      ]
    },
    "gui": {
      "rotation": [
        20,
        113,
        0
      ],
      "translation": [
        0,
        6.25,
        0
      ],
      "scale": [
        1.5,
        1.5,
        1.5
      ]
    },
    "fixed": {
      "rotation": [
        0,
        90,
        0
      ],
      "translation": [
        0,
        7,
        -1.75
      ],
      "scale": [
        1.5,
        1.5,
        1.5
      ]
    }
  }
}
