{
  "parent": "minecraft:item/handheld",
  "textures": {
    "layer0": "minecraft:item/mace"
	},
    "overrides": 
	[
		{
            "predicate": {"damage": 0,"custom_model_data": 9111111},
			"model": "minecraft:item/pepeland/mace/part_1/mithrix_nobroke/mithrix_nobroke"
		},
		{
            "predicate": {"damage": 0.001,"custom_model_data": 9111111},
			"model": "minecraft:item/pepeland/mace/part_1/mithrix/mithrix"
		},
		{
            "predicate": {"custom_model_data": 9111112},
			"model": "minecraft:item/pepeland/mace/part_1/gardener/gardener"
		},
		{
            "predicate": {"custom_model_data": 9111113},
			"model": "minecraft:item/pepeland/mace/part_1/molotok/molotok"
		}
	]
}
