{
  "parent": "minecraft:item/handheld",
  "textures": {
    "layer0": "minecraft:item/netherite_sword"
	},
    "overrides": 
	[
		{
            "predicate": {"custom_model_data": 9111111},
			"model": "minecraft:item/pepeland/netherite_sword/part_1/dedmoroz_posoh/dedmoroz_posoh"
		},
		{
            "predicate": {"custom_model_data": 9111112},
			"model": "minecraft:item/pepeland/netherite_sword/part_1/skalka/skalka"
		},
		{
            "predicate": {"custom_model_data": 9111113},
			"model": "minecraft:item/pepeland/netherite_sword/part_1/stop/stop"
		},
		{
            "predicate": {"custom_model_data": 9111114},
			"model": "minecraft:item/pepeland/netherite_sword/part_1/zero/zero"
		}
	]
}
