{
  "parent": "minecraft:item/generated",
  "textures": {
    "layer0": "minecraft:item/painting"
	},
    "overrides": 
	[
		{
            "predicate": 
			{
			"custom_model_data": 1
			},
			"model": "minecraft:item/pepeland/paintings/kebab"
		},
		{
            "predicate": 
			{
			"custom_model_data": 2
			},
			"model": "minecraft:item/pepeland/paintings/aztec"
		},
		{
            "predicate": 
			{
			"custom_model_data": 3
			},
			"model": "minecraft:item/pepeland/paintings/alban"
		},
		{
            "predicate": 
			{
			"custom_model_data": 4
			},
			"model": "minecraft:item/pepeland/paintings/aztec2"
		},
		{
            "predicate": 
			{
			"custom_model_data": 5
			},
			"model": "minecraft:item/pepeland/paintings/bomb"
		},
		{
            "predicate": 
			{
			"custom_model_data": 6
			},
			"model": "minecraft:item/pepeland/paintings/plant"
		},
		{
            "predicate": 
			{
			"custom_model_data": 7
			},
			"model": "minecraft:item/pepeland/paintings/wasteland"
		},
		{
            "predicate": 
			{
			"custom_model_data": 8
			},
			"model": "minecraft:item/pepeland/paintings/wanderer"
		},
		{
            "predicate": 
			{
			"custom_model_data": 9
			},
			"model": "minecraft:item/pepeland/paintings/graham"
		},
		{
            "predicate": 
			{
			"custom_model_data": 10
			},
			"model": "minecraft:item/pepeland/paintings/pool"
		},
		{
            "predicate": 
			{
			"custom_model_data": 11
			},
			"model": "minecraft:item/pepeland/paintings/courbet"
		},
		{
            "predicate": 
			{
			"custom_model_data": 12
			},
			"model": "minecraft:item/pepeland/paintings/sea"
		},
		{
            "predicate": 
			{
			"custom_model_data": 13
			},
			"model": "minecraft:item/pepeland/paintings/sunset"
		},
		{
            "predicate": 
			{
			"custom_model_data": 14
			},
			"model": "minecraft:item/pepeland/paintings/creebet"
		},
		{
            "predicate": 
			{
			"custom_model_data": 15
			},
			"model": "minecraft:item/pepeland/paintings/match"
		},
		{
            "predicate": 
			{
			"custom_model_data": 16
			},
			"model": "minecraft:item/pepeland/paintings/bust"
		},
		{
            "predicate": 
			{
			"custom_model_data": 17
			},
			"model": "minecraft:item/pepeland/paintings/stage"
		},
		{
            "predicate": 
			{
			"custom_model_data": 18
			},
			"model": "minecraft:item/pepeland/paintings/void"
		},
		{
            "predicate": 
			{
			"custom_model_data": 19
			},
		    "model": "minecraft:item/pepeland/paintings/skull_and_roses"
		},
		{
            "predicate": 
			{
			"custom_model_data": 20
			},
			"model": "minecraft:item/pepeland/paintings/wither"
		},
		{
            "predicate": 
			{
			"custom_model_data": 21
			},
			"model": "minecraft:item/pepeland/paintings/fighters"
		},
		{
            "predicate": 
			{
			"custom_model_data": 22
			},
			"model": "minecraft:item/pepeland/paintings/skeleton"
		},
		{
            "predicate": 
			{
			"custom_model_data": 23
			},
			"model": "minecraft:item/pepeland/paintings/donkey_kong"
		},
		{
            "predicate": 
			{
			"custom_model_data": 24
			},
			"model": "minecraft:item/pepeland/paintings/pointer"
		},
		{
            "predicate": 
			{
			"custom_model_data": 25
			},
			"model": "minecraft:item/pepeland/paintings/pigscene"
		},
		{
            "predicate": 
			{
			"custom_model_data": 26
			},
			"model": "minecraft:item/pepeland/paintings/burning_skull"
		},
		{
            "predicate": 
			{
			"custom_model_data": 27
			},
			"model": "minecraft:item/pepeland/paintings/earth"
		},
		{
            "predicate": 
			{
			"custom_model_data": 28
			},
			"model": "minecraft:item/pepeland/paintings/wind"
		},
		{
            "predicate": 
			{
			"custom_model_data": 29
			},
			"model": "minecraft:item/pepeland/paintings/water"
		},
		{
            "predicate": 
			{
			"custom_model_data": 30
			},
			"model": "minecraft:item/pepeland/paintings/fire"
		},
		{
            "predicate": 
			{
			"custom_model_data": 31
			},
			"model": "minecraft:item/pepeland/paintings/meditative"
		},
		{
            "predicate": 
			{
			"custom_model_data": 32
			},
			"model": "minecraft:item/pepeland/paintings/prairie_ride"
		},
		{
            "predicate": 
			{
			"custom_model_data": 33
			},
			"model": "minecraft:item/pepeland/paintings/baroque"
		},
		{
            "predicate": 
			{
			"custom_model_data": 34
			},
			"model": "minecraft:item/pepeland/paintings/humble"
		},
		{
            "predicate": 
			{
			"custom_model_data": 35
			},
			"model": "minecraft:item/pepeland/paintings/changing"
		},
		{
            "predicate": 
			{
			"custom_model_data": 36
			},
			"model": "minecraft:item/pepeland/paintings/finding"
		},
		{
            "predicate": 
			{
			"custom_model_data": 37
			},
			"model": "minecraft:item/pepeland/paintings/lowmist"
		},
		{
            "predicate": 
			{
			"custom_model_data": 38
			},
			"model": "minecraft:item/pepeland/paintings/passage"
		},
		{
            "predicate": 
			{
			"custom_model_data": 39
			},
			"model": "minecraft:item/pepeland/paintings/bouquet"
		},
		{
            "predicate": 
			{
			"custom_model_data": 40
			},
			"model": "minecraft:item/pepeland/paintings/cavebird"
		},
		{
            "predicate": 
			{
			"custom_model_data": 41
			},
			"model": "minecraft:item/pepeland/paintings/cotan"
		},
		{
            "predicate": 
			{
			"custom_model_data": 42
			},
			"model": "minecraft:item/pepeland/paintings/endboss"
		},
		{
            "predicate": 
			{
			"custom_model_data": 43
			},
			"model": "minecraft:item/pepeland/paintings/fern"
		},
		{
            "predicate": 
			{
			"custom_model_data": 44
			},
			"model": "minecraft:item/pepeland/paintings/owlemons"
		},
		{
            "predicate": 
			{
			"custom_model_data": 45
			},
			"model": "minecraft:item/pepeland/paintings/sunflowers"
		},
		{
            "predicate": 
			{
			"custom_model_data": 46
			},
			"model": "minecraft:item/pepeland/paintings/tides"
		},
		{
            "predicate": 
			{
			"custom_model_data": 47
			},
			"model": "minecraft:item/pepeland/paintings/backyard"
		},
		{
            "predicate": 
			{
			"custom_model_data": 48
			},
			"model": "minecraft:item/pepeland/paintings/pond"
		},
		{
            "predicate": 
			{
			"custom_model_data": 49
			},
			"model": "minecraft:item/pepeland/paintings/orb"
		},
		{
            "predicate": 
			{
			"custom_model_data": 50
			},
			"model": "minecraft:item/pepeland/paintings/unpacked"
		}
	]
}