{
	"credit": "Made with Blockbench",
	"parent": "minecraft:item/carved_pumpkin",
	"textures": {
		"1": "item/sigareta"
	},
	"elements": [
		{
			"from": [6, 1, 1],
			"to": [7, 2, 5],
			"rotation": {"angle": 22.5, "axis": "y", "origin": [6, 1, 3]},
			"faces": {
				"north": {"uv": [6, 2, 7, 3], "texture": "#1"},
				"east": {"uv": [4, 0, 8, 1], "texture": "#1"},
				"south": {"uv": [6, 3, 7, 4], "texture": "#1"},
				"west": {"uv": [4, 1, 8, 2], "texture": "#1"},
				"up": {"uv": [5, 6, 4, 2], "texture": "#1"},
				"down": {"uv": [6, 2, 5, 6], "texture": "#1"}
			}
		},
		{
			"from": [5, 2, 1],
			"to": [7, 9, 1],
			"rotation": {"angle": 0, "axis": "y", "origin": [5, 2, -1]},
			"faces": {
				"north": {"uv": [0, 0, 2, 7], "texture": "#1"},
				"east": {"uv": [0, 0, 0, 7], "texture": "#1"},
				"south": {"uv": [2, 0, 0, 7], "texture": "#1"},
				"west": {"uv": [0, 0, 0, 7], "texture": "#1"},
				"up": {"uv": [2, 0, 0, 0], "texture": "#1"},
				"down": {"uv": [2, 0, 0, 0], "texture": "#1"}
			}
		}
	],
	"display": {
		"thirdperson_righthand": {
			"rotation": [0, -23, 0],
			"translation": [-0.5, 4.75, 4]
		},
		"thirdperson_lefthand": {
			"rotation": [0, 23, 0],
			"translation": [0.75, 4.75, 3.5]
		},
		"firstperson_righthand": {
			"rotation": [0, -25, 0],
			"translation": [5, 3, 0]
		},
		"firstperson_lefthand": {
			"rotation": [0, 1, 0],
			"translation": [3.5, 3, 0]
		},
		"ground": {
			"translation": [1.5, 3.25, 5.5]
		},
		"gui": {
			"rotation": [15, -170, -1],
			"translation": [-4.5, 7.25, 0],
			"scale": [1.6, 1.6, 1.6]
		},
		"head": {
			"translation": [0, 6.4, 0],
			"scale": [1.6, 1.6, 1.6]
		},
		"fixed": {
			"rotation": [-90, 0, 0],
			"translation": [3.5, 10.5, -12.75],
			"scale": [2, 2, 2]
		}
	}
}