{
  "parent": "minecraft:item/generated",
  "textures": {
    "layer0": "minecraft:item/string"
  },
  "overrides": [
    {
      "predicate": {
        "custom_model_data": 1
      },
      "model": "item/num_1"
    },
    {
      "predicate": {
        "custom_model_data": 2
      },
      "model": "item/num_2"
    },
    {
      "predicate": {
        "custom_model_data": 3
      },
      "model": "item/num_3"
    },
    {
      "predicate": {
        "custom_model_data": 4
      },
      "model": "item/num_4"
    },
    {
      "predicate": {
        "custom_model_data": 5
      },
      "model": "item/num_5"
    },
    {
      "predicate": {
        "custom_model_data": 6
      },
      "model": "item/num_6"
    },
    {
      "predicate": {
        "custom_model_data": 7
      },
      "model": "item/num_7"
    },
    {
      "predicate": {
        "custom_model_data": 8
      },
      "model": "item/num_8"
    },
    {
      "predicate": {
        "custom_model_data": 9
      },
      "model": "item/num_9"
    },
    {
      "predicate": {
        "custom_model_data": 10
      },
      "model": "item/num_0"
    },
	{
      "predicate": {
        "custom_model_data": 11
      },
      "model": "item/enter"
    },
	{
      "predicate": {
        "custom_model_data": 12
      },
      "model": "item/ce"
    }
  ]
}