{
	"parent": "item/generated",
	"textures": {
		"layer0": "item/structure_void"
	},
	"overrides": [
	{ "predicate": { "custom_model_data": 1 }, "model": "welcome_guis:item/buttons/welcome-screen_purple_arrow_left" },
	{ "predicate": { "custom_model_data": 2 }, "model": "welcome_guis:item/buttons/welcome-screen_purple_arrow_right" },
	{ "predicate": { "custom_model_data": 3 }, "model": "welcome_guis:item/buttons/welcome-screen_purple_button_accept" },
	{ "predicate": { "custom_model_data": 4 }, "model": "welcome_guis:item/buttons/welcome-screen_purple_button_empty" }
	
	]
}