{
	"credit": "Prostocraft.ru",
	"textures": {
		"texture": "item/totem"
	},
	"elements": [
		{
			"from": [2, 2, 8],
			"to": [14, 14, 8.1],
			"faces": {
				"north": {"uv": [0, 0, 16, 16], "texture": "#texture"},
				"east": {"uv": [0, 0, 0.375, 7.125], "texture": "#texture"},
				"south": {"uv": [16, 0, 0, 16], "texture": "#texture"},
				"west": {"uv": [0, 0, 0.375, 9.875], "texture": "#texture"},
				"up": {"uv": [0, 0, 10, 1], "texture": "#texture"},
				"down": {"uv": [0, 0, 10, 1], "texture": "#texture"}
			}
		}
	],
	"gui_light": "front",
	"display": {
		"thirdperson_righthand": {
			"rotation": [75, 51, -23],
			"translation": [1.5, 1, 2],
			"scale": [0.5, 0.5, 0.5]
		},
		"thirdperson_lefthand": {
			"rotation": [75, 51, -23],
			"translation": [1.5, 1, 2],
			"scale": [0.5, 0.5, 0.5]
		},
		"firstperson_righthand": {
			"rotation": [0, 135, -15],
			"translation": [1, 3.5, -1],
			"scale": [0.55, 0.55, 0.55]
		},
		"firstperson_lefthand": {
			"rotation": [0, 135, -15],
			"translation": [1, 3.5, -1],
			"scale": [0.55, 0.55, 0.55]
		},
		"ground": {
			"translation": [0, 2, 0],
			"scale": [0.5, 0.5, 0.5]
		},
		"gui": {
			"rotation": [0, 180, 0],
			"translation": [0, 0.5, 0]
		}
	}
}