{
	"credit": "Made with Blockbench",
	"texture_size": [32, 32],
	"textures": {
		"0": "item/pepeland/carved_pumpkin/part_1/crabirbit/crabirbit",
		"particle": "item/pepeland/carved_pumpkin/part_1/crabirbit/crabirbit"
	},
	"elements": [
		{
			"from": [3, 2, 4],
			"to": [12, 7, 5],
			"rotation": {"angle": 0, "axis": "y", "origin": [1, 0, 4]},
			"faces": {
				"north": {"uv": [0, 0, 4.5, 2.5], "texture": "#0"},
				"east": {"uv": [8, 10.5, 8.5, 13], "texture": "#0"},
				"south": {"uv": [0, 2.5, 4.5, 5], "texture": "#0"},
				"west": {"uv": [8.5, 10.5, 9, 13], "texture": "#0"},
				"up": {"uv": [10.5, 10.5, 6, 10], "texture": "#0"},
				"down": {"uv": [14.5, 6, 10, 6.5], "texture": "#0"}
			}
		},
		{
			"from": [3, 2, 11],
			"to": [12, 7, 12],
			"rotation": {"angle": 0, "axis": "y", "origin": [1, 0, 4]},
			"faces": {
				"north": {"uv": [4.5, 0, 9, 2.5], "texture": "#0"},
				"east": {"uv": [9, 10.5, 9.5, 13], "texture": "#0"},
				"south": {"uv": [4.5, 2.5, 9, 5], "texture": "#0"},
				"west": {"uv": [10.5, 9, 11, 11.5], "texture": "#0"},
				"up": {"uv": [14.5, 7, 10, 6.5], "texture": "#0"},
				"down": {"uv": [14.5, 7, 10, 7.5], "texture": "#0"}
			}
		},
		{
			"from": [11, 2, 5],
			"to": [12, 7, 11],
			"rotation": {"angle": 0, "axis": "y", "origin": [1, 0, 4]},
			"faces": {
				"north": {"uv": [9.5, 10.5, 10, 13], "texture": "#0"},
				"east": {"uv": [7, 5, 10, 7.5], "texture": "#0"},
				"south": {"uv": [10, 10.5, 10.5, 13], "texture": "#0"},
				"west": {"uv": [7, 7.5, 10, 10], "texture": "#0"},
				"up": {"uv": [0.5, 13.5, 0, 10.5], "texture": "#0"},
				"down": {"uv": [1, 10.5, 0.5, 13.5], "texture": "#0"}
			}
		},
		{
			"from": [4, 4, 5],
			"to": [11, 7, 11],
			"rotation": {"angle": 0, "axis": "y", "origin": [1, 0, 4]},
			"faces": {
				"north": {"uv": [9, 0, 12.5, 1.5], "texture": "#0"},
				"east": {"uv": [9, 3, 12, 4.5], "texture": "#0"},
				"south": {"uv": [9, 1.5, 12.5, 3], "texture": "#0"},
				"west": {"uv": [10, 4.5, 13, 6], "texture": "#0"},
				"up": {"uv": [3.5, 8, 0, 5], "texture": "#0"},
				"down": {"uv": [7, 5, 3.5, 8], "texture": "#0"}
			}
		},
		{
			"from": [3, 2, 5],
			"to": [4, 7, 11],
			"rotation": {"angle": 0, "axis": "y", "origin": [1, 0, 4]},
			"faces": {
				"north": {"uv": [11, 7.5, 11.5, 10], "texture": "#0"},
				"east": {"uv": [0, 8, 3, 10.5], "texture": "#0"},
				"south": {"uv": [11, 10, 11.5, 12.5], "texture": "#0"},
				"west": {"uv": [3, 8, 6, 10.5], "texture": "#0"},
				"up": {"uv": [1.5, 13.5, 1, 10.5], "texture": "#0"},
				"down": {"uv": [2, 10.5, 1.5, 13.5], "texture": "#0"}
			}
		},
		{
			"from": [11.91418, 4.32403, 4.9],
			"to": [12.91418, 7.32403, 5.9],
			"rotation": {"angle": -45, "axis": "z", "origin": [11.41418, 4.82403, 4.5]},
			"faces": {
				"north": {"uv": [10.5, 11.5, 11, 13], "texture": "#0"},
				"east": {"uv": [11.5, 11.5, 12, 13], "texture": "#0"},
				"south": {"uv": [2, 12, 2.5, 13.5], "texture": "#0"},
				"west": {"uv": [2.5, 12, 3, 13.5], "texture": "#0"},
				"up": {"uv": [9.5, 5, 9, 4.5], "texture": "#0"},
				"down": {"uv": [10, 4.5, 9.5, 5], "texture": "#0"}
			}
		},
		{
			"from": [2.31418, 5.02403, 4.9],
			"to": [3.31418, 8.02403, 5.9],
			"rotation": {"angle": 45, "axis": "z", "origin": [4.51418, 4.82403, 4.5]},
			"faces": {
				"north": {"uv": [3, 12, 3.5, 13.5], "texture": "#0"},
				"east": {"uv": [12, 3, 12.5, 4.5], "texture": "#0"},
				"south": {"uv": [3.5, 12, 4, 13.5], "texture": "#0"},
				"west": {"uv": [4, 12, 4.5, 13.5], "texture": "#0"},
				"up": {"uv": [6.5, 10, 6, 9.5], "texture": "#0"},
				"down": {"uv": [7, 9.5, 6.5, 10], "texture": "#0"}
			}
		},
		{
			"from": [5.21418, 4.02403, 3.5],
			"to": [6.21418, 5.02403, 4.5],
			"rotation": {"angle": 0, "axis": "y", "origin": [7.71418, 6.52403, 5.4]},
			"faces": {
				"north": {"uv": [10, 9, 10.5, 9.5], "texture": "#0"},
				"east": {"uv": [10, 9.5, 10.5, 10], "texture": "#0"},
				"south": {"uv": [12.5, 0, 13, 0.5], "texture": "#0"},
				"west": {"uv": [12.5, 0.5, 13, 1], "texture": "#0"},
				"up": {"uv": [13, 1.5, 12.5, 1], "texture": "#0"},
				"down": {"uv": [13, 1.5, 12.5, 2], "texture": "#0"}
			}
		},
		{
			"from": [8.71418, 5.02403, 3.5],
			"to": [9.71418, 6.02403, 4.5],
			"rotation": {"angle": 0, "axis": "y", "origin": [7.71418, 6.52403, 5.4]},
			"faces": {
				"north": {"uv": [12.5, 2, 13, 2.5], "texture": "#0"},
				"east": {"uv": [12.5, 2.5, 13, 3], "texture": "#0"},
				"south": {"uv": [12.5, 3, 13, 3.5], "texture": "#0"},
				"west": {"uv": [12.5, 3.5, 13, 4], "texture": "#0"},
				"up": {"uv": [13, 4.5, 12.5, 4], "texture": "#0"},
				"down": {"uv": [13, 7.5, 12.5, 8], "texture": "#0"}
			}
		},
		{
			"from": [14.58073, 5.44552, 4.4],
			"to": [16.58073, 8.44552, 6.4],
			"rotation": {"angle": -22.5, "axis": "z", "origin": [14.33073, 7.94552, 5.4]},
			"faces": {
				"north": {"uv": [6, 8, 7, 9.5], "texture": "#0"},
				"east": {"uv": [10, 7.5, 11, 9], "texture": "#0"},
				"south": {"uv": [2, 10.5, 3, 12], "texture": "#0"},
				"west": {"uv": [3, 10.5, 4, 12], "texture": "#0"},
				"up": {"uv": [12.5, 8.5, 11.5, 7.5], "texture": "#0"},
				"down": {"uv": [12.5, 8.5, 11.5, 9.5], "texture": "#0"}
			}
		},
		{
			"from": [12.58073, 5.44552, 4.4],
			"to": [13.58073, 8.44552, 5.4],
			"rotation": {"angle": 0, "axis": "y", "origin": [14.33073, 7.94552, 5.4]},
			"faces": {
				"north": {"uv": [4.5, 12, 5, 13.5], "texture": "#0"},
				"east": {"uv": [5, 12, 5.5, 13.5], "texture": "#0"},
				"south": {"uv": [5.5, 12, 6, 13.5], "texture": "#0"},
				"west": {"uv": [6, 12, 6.5, 13.5], "texture": "#0"},
				"up": {"uv": [13, 8.5, 12.5, 8], "texture": "#0"},
				"down": {"uv": [13, 8.5, 12.5, 9], "texture": "#0"}
			}
		},
		{
			"from": [-1.56927, 5.69552, 4.4],
			"to": [0.43073, 8.69552, 6.4],
			"rotation": {"angle": 22.5, "axis": "z", "origin": [1.43073, 7.94552, 5.4]},
			"faces": {
				"north": {"uv": [4, 10.5, 5, 12], "texture": "#0"},
				"east": {"uv": [5, 10.5, 6, 12], "texture": "#0"},
				"south": {"uv": [6, 10.5, 7, 12], "texture": "#0"},
				"west": {"uv": [7, 10.5, 8, 12], "texture": "#0"},
				"up": {"uv": [12.5, 10.5, 11.5, 9.5], "texture": "#0"},
				"down": {"uv": [12.5, 10.5, 11.5, 11.5], "texture": "#0"}
			}
		},
		{
			"from": [1.43073, 5.44552, 4.4],
			"to": [2.43073, 8.44552, 5.4],
			"rotation": {"angle": 0, "axis": "y", "origin": [1.43073, 7.94552, 5.4]},
			"faces": {
				"north": {"uv": [6.5, 12, 7, 13.5], "texture": "#0"},
				"east": {"uv": [7, 12, 7.5, 13.5], "texture": "#0"},
				"south": {"uv": [7.5, 12, 8, 13.5], "texture": "#0"},
				"west": {"uv": [12, 11.5, 12.5, 13], "texture": "#0"},
				"up": {"uv": [13, 9.5, 12.5, 9], "texture": "#0"},
				"down": {"uv": [13, 9.5, 12.5, 10], "texture": "#0"}
			}
		}
	],
	"display": {
		"thirdperson_righthand": {
			"translation": [0.25, 2, 0],
			"scale": [0.36, 0.36, 0.36]
		},
		"thirdperson_lefthand": {
			"translation": [0.25, 2, 0],
			"scale": [0.36, 0.36, 0.36]
		},
		"firstperson_righthand": {
			"rotation": [0, 130, 0],
			"translation": [0, 5.25, 0.75],
			"scale": [0.57, 0.57, 0.57]
		},
		"firstperson_lefthand": {
			"rotation": [0, 130, 0],
			"translation": [0, 5.25, 0.75],
			"scale": [0.57, 0.57, 0.57]
		},
		"ground": {
			"scale": [0.51, 0.51, 0.51]
		},
		"gui": {
			"rotation": [30, -136, 0],
			"translation": [-1.5, 2.5, 0],
			"scale": [0.9, 0.9, 0.9]
		},
		"head": {
			"translation": [1, 15.25, 0],
			"scale": [2.01, 2.02, 2.01]
		},
		"fixed": {
			"rotation": [-90, 0, 0],
			"translation": [0, -0.25, -10.75],
			"scale": [1.8, 1.8, 1.8]
		}
	}
}