{
	"credit": "Made with Blockbench",
	"texture_size": [32, 32],
	"textures": {
		"0": "item/pepeland/carved_pumpkin/part_1/zont/zont",
		"particle": "item/pepeland/carved_pumpkin/part_1/zont/zont"
	},
	"elements": [
		{
			"from": [3.775, 4, 5],
			"to": [12.225, 10, 5],
			"rotation": {"angle": 45, "axis": "x", "origin": [6.775, 7, 8]},
			"faces": {
				"north": {"uv": [0, 0, 4, 3], "texture": "#0"},
				"east": {"uv": [0, 0, 0, 3], "texture": "#0"},
				"south": {"uv": [0, 3, 4, 6], "texture": "#0"},
				"west": {"uv": [0, 0, 0, 3], "texture": "#0"},
				"up": {"uv": [4, 0, 0, 0], "texture": "#0"},
				"down": {"uv": [4, 0, 0, 0], "texture": "#0"}
			}
		},
		{
			"from": [5, 4, 3.775],
			"to": [5, 10, 12.225],
			"rotation": {"angle": -45, "axis": "z", "origin": [8, 7, 6.775]},
			"faces": {
				"north": {"uv": [0, 0, 0, 3], "texture": "#0"},
				"east": {"uv": [0, 6, 4, 9], "texture": "#0"},
				"south": {"uv": [0, 0, 0, 3], "texture": "#0"},
				"west": {"uv": [4, 6, 8, 9], "texture": "#0"},
				"up": {"uv": [0, 4, 0, 0], "texture": "#0"},
				"down": {"uv": [0, 0, 0, 4], "texture": "#0"}
			}
		},
		{
			"from": [11, 4, 3.775],
			"to": [11, 10, 12.225],
			"rotation": {"angle": 45, "axis": "z", "origin": [8, 7, 6.775]},
			"faces": {
				"north": {"uv": [0, 0, 0, 3], "texture": "#0"},
				"east": {"uv": [8, 0, 12, 3], "texture": "#0"},
				"south": {"uv": [0, 0, 0, 3], "texture": "#0"},
				"west": {"uv": [8, 3, 12, 6], "texture": "#0"},
				"up": {"uv": [0, 4, 0, 0], "texture": "#0"},
				"down": {"uv": [0, 0, 0, 4], "texture": "#0"}
			}
		},
		{
			"from": [3.775, 4, 11],
			"to": [12.225, 10, 11],
			"rotation": {"angle": -45, "axis": "x", "origin": [6.775, 7, 8]},
			"faces": {
				"north": {"uv": [4, 0, 8, 3], "texture": "#0"},
				"east": {"uv": [0, 0, 0, 3], "texture": "#0"},
				"south": {"uv": [4, 3, 8, 6], "texture": "#0"},
				"west": {"uv": [0, 0, 0, 3], "texture": "#0"},
				"up": {"uv": [4, 0, 0, 0], "texture": "#0"},
				"down": {"uv": [4, 0, 0, 0], "texture": "#0"}
			}
		},
		{
			"from": [7.5, 0, 7.5],
			"to": [8.5, 10.7, 8.5],
			"rotation": {"angle": 0, "axis": "y", "origin": [7.5, 0, 7.5]},
			"faces": {
				"north": {"uv": [8, 6, 8.5, 11.5], "texture": "#0"},
				"east": {"uv": [8.5, 6, 9, 11.5], "texture": "#0"},
				"south": {"uv": [0, 9, 0.5, 14.5], "texture": "#0"},
				"west": {"uv": [0.5, 9, 1, 14.5], "texture": "#0"},
				"up": {"uv": [1.5, 9.5, 1, 9], "texture": "#0"},
				"down": {"uv": [2, 9, 1.5, 9.5], "texture": "#0"}
			}
		}
	],
	"display": {
		"thirdperson_lefthand": {
			"translation": [0, 2.75, 0.75],
			"scale": [0.7, 0.7, 0.7]
		},
		"firstperson_righthand": {
			"rotation": [12, 12, 0],
			"translation": [0, 4.25, 0.75],
			"scale": [0.7, 0.7, 0.7]
		},
		"firstperson_lefthand": {
			"rotation": [12, 12, 0],
			"translation": [0, 4.25, 0.75],
			"scale": [0.7, 0.7, 0.7]
		},
		"gui": {
			"rotation": [24, 40, -32],
			"translation": [0.5, 2, 0]
		},
		"head": {
			"rotation": [17, 0, 17],
			"translation": [-6, 13.5, 2.75]
		}
	}
}