{
	"credit": "Made with Blockbench",
	"textures": {
		"0": "block/minecart"
	},
	"elements": [
		{
			"name": "Cube",
			"from": [-5, 6.1, -2.4],
			"to": [21, 8.7, 18.4],
			"rotation": {"angle": 0, "axis": "y", "origin": [0, 7, 16]},
			"faces": {
				"north": {"uv": [0.5, 5, 5.5, 6], "texture": "#0"},
				"east": {"uv": [0, 6, 0.5, 14], "rotation": 90, "texture": "#0"},
				"south": {"uv": [5.5, 5, 10.5, 6], "texture": "#0"},
				"west": {"uv": [5.5, 6, 6, 14], "rotation": 90, "texture": "#0"},
				"up": {"uv": [6, 6, 11, 14], "texture": "#0"},
				"down": {"uv": [5.5, 6, 0.5, 14], "rotation": 180, "texture": "#0"}
			}
		},
		{
			"name": "Cube",
			"from": [18.4, 8.6, -2.4],
			"to": [21, 19, 18.4],
			"rotation": {"angle": 0, "axis": "y", "origin": [16, 13, 0]},
			"faces": {
				"north": {"uv": [0, 1, 0.5, 5], "texture": "#0"},
				"east": {"uv": [5, 1, 9, 5], "texture": "#0"},
				"south": {"uv": [4.5, 1, 5, 5], "texture": "#0"},
				"west": {"uv": [0.5, 1, 4.5, 5], "texture": "#0"},
				"up": {"uv": [0.5, 0, 4.5, 1], "rotation": 90, "texture": "#0"},
				"down": {"uv": [0.5, 0, 4.5, 1], "rotation": 270, "texture": "#0"}
			}
		},
		{
			"name": "Cube",
			"from": [-5, 8.6, -2.4],
			"to": [-2.4, 19, 18.4],
			"rotation": {"angle": 0, "axis": "y", "origin": [16, 13, 0]},
			"faces": {
				"north": {"uv": [4.5, 1, 5, 5], "texture": "#0"},
				"east": {"uv": [0.5, 1, 4.5, 5], "texture": "#0"},
				"south": {"uv": [0, 1, 0.5, 5], "texture": "#0"},
				"west": {"uv": [5, 1, 9, 5], "texture": "#0"},
				"up": {"uv": [0.5, 1, 4.5, 0], "rotation": 90, "texture": "#0"},
				"down": {"uv": [0.5, 0, 4.5, 1], "rotation": 270, "texture": "#0"}
			}
		},
		{
			"name": "Cube",
			"from": [-2.4, 8.6, -2.4],
			"to": [18.4, 19, 0.2],
			"rotation": {"angle": 0, "axis": "y", "origin": [16, 13, 0]},
			"faces": {
				"north": {"uv": [5, 1, 9, 5], "texture": "#0"},
				"south": {"uv": [0.5, 1, 4.5, 5], "texture": "#0"},
				"up": {"uv": [0.5, 0, 4.5, 1], "texture": "#0"}
			}
		},
		{
			"name": "Cube",
			"from": [-2.4, 8.6, 15.8],
			"to": [18.4, 19, 18.4],
			"rotation": {"angle": 0, "axis": "y", "origin": [16, 13, 0]},
			"faces": {
				"north": {"uv": [0.5, 1, 4.5, 5], "texture": "#0"},
				"south": {"uv": [5, 1, 9, 5], "texture": "#0"},
				"up": {"uv": [0.5, 0, 4.5, 1], "rotation": 180, "texture": "#0"}
			}
		}
	],
	"groups": [
		{
			"name": "group",
			"origin": [8, 8, 8],
			"color": 0,
			"children": [0, 1, 2, 3, 4]
		}
	]
}