{
	"credit": "Made with Blockbench",
	"texture_size": [64, 64],
	"textures": {
		"0": "item/pepeland/carved_pumpkin/part_2/pot_light_b/pot_light_b",
		"particle": "item/pepeland/carved_pumpkin/part_2/pot_light_b/pot_light_b"
	},
	"elements": [
		{
			"from": [12.5, 1, 6],
			"to": [14, 9, 12.5],
			"faces": {
				"north": {"uv": [3.5, 3.5, 4, 5.5], "texture": "#0"},
				"east": {"uv": [0, 3.5, 1.75, 5.5], "texture": "#0"},
				"south": {"uv": [4, 0, 4.5, 2], "texture": "#0"},
				"west": {"uv": [1.75, 3.5, 3.5, 5.5], "texture": "#0"},
				"up": {"uv": [4.5, 3.75, 4, 2], "texture": "#0"},
				"down": {"uv": [4.5, 3.75, 4, 5.5], "texture": "#0"}
			}
		},
		{
			"from": [6, 1, 6],
			"to": [7.5, 9, 14],
			"rotation": {"angle": 0, "axis": "y", "origin": [13.25, 5, 9.25]},
			"faces": {
				"north": {"uv": [6.5, 0.5, 7, 2.5], "texture": "#0"},
				"east": {"uv": [1.75, 3.5, 3.5, 5.5], "texture": "#0"},
				"south": {"uv": [3.5, 3.5, 4, 5.5], "texture": "#0"},
				"west": {"uv": [7, 0, 9.25, 2], "texture": "#0"},
				"up": {"uv": [4.5, 3.75, 4, 2], "rotation": 180, "texture": "#0"},
				"down": {"uv": [4.5, 3.75, 4, 5.5], "rotation": 180, "texture": "#0"}
			}
		},
		{
			"from": [7.5, 1, 12.5],
			"to": [14, 9, 14],
			"faces": {
				"north": {"uv": [0, 7.5, 1.75, 9.5], "texture": "#0"},
				"east": {"uv": [1.75, 7.5, 2.25, 9.5], "texture": "#0"},
				"south": {"uv": [7.5, 0, 9.25, 2], "texture": "#0"},
				"west": {"uv": [7.5, 2, 8, 4], "texture": "#0"},
				"up": {"uv": [7.25, 8, 5.5, 7.5], "texture": "#0"},
				"down": {"uv": [7.25, 7.5, 5.5, 8], "texture": "#0"}
			}
		},
		{
			"from": [7.5, 8.5, 7],
			"to": [12.5, 8.5, 13],
			"faces": {
				"north": {"uv": [0, 0, 1.25, 0], "texture": "#0"},
				"east": {"uv": [0, 0, 1.5, 0], "texture": "#0"},
				"south": {"uv": [0, 0, 1.25, 0], "texture": "#0"},
				"west": {"uv": [0, 0, 1.5, 0], "texture": "#0"},
				"up": {"uv": [8.25, 5.5, 7, 4], "texture": "#0"},
				"down": {"uv": [5.5, 7, 4.25, 8.5], "texture": "#0"}
			}
		},
		{
			"from": [6, 0, 6],
			"to": [14, 1, 14],
			"faces": {
				"north": {"uv": [4.5, 4, 6.5, 4.25], "texture": "#0"},
				"east": {"uv": [4.5, 4.25, 6.5, 4.5], "texture": "#0"},
				"south": {"uv": [4.5, 4.5, 6.5, 4.75], "texture": "#0"},
				"west": {"uv": [4.5, 4.75, 6.5, 5], "texture": "#0"},
				"up": {"uv": [6.5, 2, 4.5, 0], "texture": "#0"},
				"down": {"uv": [6.5, 2, 4.5, 4], "texture": "#0"}
			}
		},
		{
			"from": [7.5, 1, 6],
			"to": [12.5, 9, 7.5],
			"faces": {
				"north": {"uv": [4.5, 5, 5.75, 7], "texture": "#0"},
				"east": {"uv": [1.25, 5.5, 1.75, 7.5], "texture": "#0"},
				"south": {"uv": [0, 5.5, 1.25, 7.5], "texture": "#0"},
				"west": {"uv": [1.75, 5.5, 2.25, 7.5], "texture": "#0"},
				"up": {"uv": [3.5, 6, 2.25, 5.5], "texture": "#0"},
				"down": {"uv": [7, 5, 5.75, 5.5], "texture": "#0"}
			}
		},
		{
			"from": [9, 8.5, 3.6],
			"to": [9, 22.5, 17.6],
			"rotation": {"angle": 45, "axis": "y", "origin": [8.25, 15, 9.5]},
			"faces": {
				"north": {"uv": [0, 0, 0, 3.5], "texture": "#0"},
				"east": {"uv": [4, 0, 0.75, 3.5], "texture": "#0"},
				"south": {"uv": [0, 0, 0, 3.5], "texture": "#0"},
				"west": {"uv": [0.75, 0, 4, 3.5], "texture": "#0"},
				"up": {"uv": [0, 2, 0, 0], "texture": "#0"},
				"down": {"uv": [0, 0, 0, 2], "texture": "#0"}
			}
		},
		{
			"from": [9.8, 8.5, 2.85459],
			"to": [9.8, 22.5, 16.85459],
			"rotation": {"angle": -45, "axis": "y", "origin": [10.26525, 15.5, 10.45459]},
			"faces": {
				"north": {"uv": [0, 0, 0, 3.5], "texture": "#0"},
				"east": {"uv": [4, 0, 0.75, 3.5], "texture": "#0"},
				"south": {"uv": [0, 0, 0, 3.5], "texture": "#0"},
				"west": {"uv": [0.75, 0, 4, 3.5], "texture": "#0"},
				"up": {"uv": [0, 2, 0, 0], "texture": "#0"},
				"down": {"uv": [0, 0, 0, 2], "texture": "#0"}
			}
		}
	],
	"display": {
		"thirdperson_righthand": {
			"translation": [-0.75, 2, 0],
			"scale": [0.33, 0.33, 0.33]
		},
		"thirdperson_lefthand": {
			"translation": [0.75, 2, 0],
			"scale": [0.33, 0.33, 0.33]
		},
		"firstperson_righthand": {
			"translation": [0, 3.25, 1],
			"scale": [0.37, 0.37, 0.37]
		},
		"firstperson_lefthand": {
			"translation": [0, 3.25, 1],
			"scale": [0.37, 0.37, 0.37]
		},
		"ground": {
			"translation": [0, 0, -1],
			"scale": [0.42, 0.42, 0.42]
		},
		"gui": {
			"rotation": [29, 45, 0],
			"translation": [-1.75, -1, 0],
			"scale": [0.66, 0.66, 0.66]
		},
		"head": {
			"translation": [-1.25, 11.25, -1.25],
			"scale": [0.64, 0.64, 0.64]
		},
		"fixed": {
			"rotation": [-90, 0, 0],
			"translation": [-2.25, -2.25, -8]
		}
	},
	"groups": [
		{
			"name": "ы",
			"origin": [8, 8, 8],
			"color": 0,
			"children": [0, 1, 2, 3, 4, 5, 6, 7]
		}
	]
}