{
	"credit": "Made with Blockbench",
	"texture_size": [128, 128],
	"textures": {
		"0": "item/pepeland/carved_pumpkin/part_2/crane/crane",
		"particle": "item/pepeland/carved_pumpkin/part_2/crane/crane"
	},
	"elements": [
		{
			"from": [7.5, 4.5, 25.4],
			"to": [7.8, 12.5, 25.7],
			"rotation": {"angle": 0, "axis": "y", "origin": [0, -4, 0]},
			"faces": {
				"north": {"uv": [2.5, 3.75, 2.625, 4.75], "texture": "#0"},
				"east": {"uv": [2.5, 3.75, 2.625, 4.75], "texture": "#0"},
				"south": {"uv": [2.5, 3.75, 2.625, 4.75], "texture": "#0"},
				"west": {"uv": [2.5, 3.75, 2.625, 4.75], "texture": "#0"},
				"up": {"uv": [0.75, 0.375, 0.625, 0.25], "texture": "#0"},
				"down": {"uv": [0.75, 0.375, 0.625, 0.5], "texture": "#0"}
			}
		},
		{
			"from": [8.5, 4.5, 25.4],
			"to": [8.8, 12.5, 25.7],
			"rotation": {"angle": 0, "axis": "y", "origin": [0, -4, 0]},
			"faces": {
				"north": {"uv": [2.5, 3.75, 2.625, 4.75], "texture": "#0"},
				"east": {"uv": [2.5, 3.75, 2.625, 4.75], "texture": "#0"},
				"south": {"uv": [2.5, 3.75, 2.625, 4.75], "texture": "#0"},
				"west": {"uv": [2.5, 3.75, 2.625, 4.75], "texture": "#0"},
				"up": {"uv": [0.75, 0.125, 0.625, 0], "texture": "#0"},
				"down": {"uv": [0.75, 0.125, 0.625, 0.25], "texture": "#0"}
			}
		},
		{
			"from": [8.2, 0, 24.35],
			"to": [8.2, 3, 26.35],
			"rotation": {"angle": 0, "axis": "y", "origin": [0, -4, 0]},
			"faces": {
				"north": {"uv": [0, 0, 0, 0.375], "texture": "#0"},
				"east": {"uv": [0, 3.875, 0.625, 4.75], "texture": "#0"},
				"south": {"uv": [0, 0, 0, 0.375], "texture": "#0"},
				"west": {"uv": [0.625, 3.875, 0, 4.75], "texture": "#0"},
				"up": {"uv": [0, 0.25, 0, 0], "texture": "#0"},
				"down": {"uv": [0, 0, 0, 0.25], "texture": "#0"}
			}
		},
		{
			"from": [7.7, 3, 24.6],
			"to": [8.7, 5, 26.6],
			"rotation": {"angle": 0, "axis": "y", "origin": [0, -4, 0]},
			"faces": {
				"north": {"uv": [0.75, 0, 0.875, 0.25], "texture": "#0"},
				"east": {"uv": [0.625, 0.75, 0.875, 1], "texture": "#0"},
				"south": {"uv": [0.75, 0.25, 0.875, 0.5], "texture": "#0"},
				"west": {"uv": [0, 1.125, 0.25, 1.375], "texture": "#0"},
				"up": {"uv": [0.375, 1.375, 0.25, 1.125], "texture": "#0"},
				"down": {"uv": [0.5, 1.125, 0.375, 1.375], "texture": "#0"}
			}
		},
		{
			"from": [5.95, 12, 24.6],
			"to": [9.95, 13, 26.6],
			"rotation": {"angle": 0, "axis": "y", "origin": [0, -4, 0]},
			"faces": {
				"north": {"uv": [0.75, 0, 0.875, 0.25], "texture": "#0"},
				"east": {"uv": [0.625, 0.75, 0.875, 1], "texture": "#0"},
				"south": {"uv": [0.75, 0.25, 0.875, 0.5], "texture": "#0"},
				"west": {"uv": [0, 1.125, 0.25, 1.375], "texture": "#0"},
				"up": {"uv": [0.375, 1.375, 0.25, 1.125], "texture": "#0"},
				"down": {"uv": [0.5, 1.125, 0.375, 1.375], "texture": "#0"}
			}
		},
		{
			"from": [6.1, 19.75, 5.85],
			"to": [9.9, 20.45, 5.85],
			"rotation": {"angle": 0, "axis": "y", "origin": [9.9, 20.25, 8]},
			"faces": {
				"north": {"uv": [0, 0, 0, 0.125], "texture": "#0"},
				"east": {"uv": [0, 1, 0.75, 1.125], "texture": "#0"},
				"south": {"uv": [0, 0, 0, 0.125], "texture": "#0"},
				"west": {"uv": [0.75, 1, 1.5, 1.125], "texture": "#0"},
				"up": {"uv": [0, 0.75, 0, 0], "texture": "#0"},
				"down": {"uv": [0, 0, 0, 0.75], "texture": "#0"}
			}
		},
		{
			"from": [6.5, 10, -4.5],
			"to": [9.5, 15, 0.5],
			"rotation": {"angle": 0, "axis": "y", "origin": [0, -4, 0]},
			"faces": {
				"north": {"uv": [0, 2.625, 0.5, 3.25], "texture": "#0"},
				"east": {"uv": [2.25, 3.125, 2.875, 3.75], "texture": "#0"},
				"south": {"uv": [0.625, 3.25, 1.125, 3.875], "texture": "#0"},
				"west": {"uv": [0, 3.25, 0.625, 3.875], "texture": "#0"},
				"up": {"uv": [1.625, 3.875, 1.125, 3.25], "texture": "#0"},
				"down": {"uv": [4.125, 1.25, 3.625, 1.875], "texture": "#0"}
			}
		},
		{
			"from": [9.5, 12.75, 9.5],
			"to": [10.5, 19.75, 10.5],
			"rotation": {"angle": 22.5, "axis": "z", "origin": [11.5, 17.5, 3.5]},
			"faces": {
				"north": {"uv": [0, 1.5, 0.125, 2.625], "texture": "#0"},
				"east": {"uv": [0.125, 1.5, 0.25, 2.625], "texture": "#0"},
				"south": {"uv": [0.25, 1.5, 0.375, 2.625], "texture": "#0"},
				"west": {"uv": [0.375, 1.5, 0.5, 2.625], "texture": "#0"},
				"up": {"uv": [0.625, 1.625, 0.5, 1.5], "texture": "#0"},
				"down": {"uv": [0.75, 1.5, 0.625, 1.625], "texture": "#0"}
			}
		},
		{
			"from": [6, 10, 5.5],
			"to": [7, 17, 6.5],
			"rotation": {"angle": -22.5, "axis": "z", "origin": [11.5, 17.5, 5.5]},
			"faces": {
				"north": {"uv": [0.25, 1.5, 0.375, 2.625], "texture": "#0"},
				"east": {"uv": [0.375, 1.5, 0.5, 2.625], "texture": "#0"},
				"south": {"uv": [0, 1.5, 0.125, 2.625], "texture": "#0"},
				"west": {"uv": [0.125, 1.5, 0.25, 2.625], "texture": "#0"},
				"up": {"uv": [0.625, 1.625, 0.5, 1.5], "rotation": 180, "texture": "#0"},
				"down": {"uv": [0.75, 1.5, 0.625, 1.625], "rotation": 180, "texture": "#0"}
			}
		},
		{
			"from": [6, 10, 9.5],
			"to": [7, 17, 10.5],
			"rotation": {"angle": -22.5, "axis": "z", "origin": [11.5, 17.5, 3.5]},
			"faces": {
				"north": {"uv": [0.25, 1.5, 0.375, 2.625], "texture": "#0"},
				"east": {"uv": [0.375, 1.5, 0.5, 2.625], "texture": "#0"},
				"south": {"uv": [0, 1.5, 0.125, 2.625], "texture": "#0"},
				"west": {"uv": [0.125, 1.5, 0.25, 2.625], "texture": "#0"},
				"up": {"uv": [0.625, 1.625, 0.5, 1.5], "rotation": 180, "texture": "#0"},
				"down": {"uv": [0.75, 1.5, 0.625, 1.625], "rotation": 180, "texture": "#0"}
			}
		},
		{
			"from": [5.5, 18.5, 5.4],
			"to": [10.5, 19.5, 10.6],
			"rotation": {"angle": 0, "axis": "y", "origin": [0, -4, 0]},
			"faces": {
				"north": {"uv": [0, 0.25, 0.625, 0.375], "texture": "#0"},
				"east": {"uv": [0, 0.375, 0.625, 0.5], "texture": "#0"},
				"south": {"uv": [0, 0.75, 0.625, 0.875], "texture": "#0"},
				"west": {"uv": [0, 0.875, 0.625, 1], "texture": "#0"},
				"up": {"uv": [4.25, 2.5, 3.625, 1.875], "texture": "#0"},
				"down": {"uv": [4.25, 2.5, 3.625, 3.125], "texture": "#0"}
			}
		},
		{
			"from": [9.5, 13, -7.25],
			"to": [10.5, 14, 27.75],
			"faces": {
				"north": {"uv": [0, 0, 0.125, 0.125], "texture": "#0"},
				"east": {"uv": [3, 1, 7.375, 1.125], "texture": "#0"},
				"south": {"uv": [0, 0.125, 0.125, 0.25], "texture": "#0"},
				"west": {"uv": [3, 1.125, 7.375, 1.25], "texture": "#0"},
				"up": {"uv": [1.75, 6.625, 1.625, 2.25], "texture": "#0"},
				"down": {"uv": [1.875, 2.25, 1.75, 6.625], "texture": "#0"}
			}
		},
		{
			"from": [9.5, 12.75, 5.5],
			"to": [10.5, 19.75, 6.5],
			"rotation": {"angle": 22.5, "axis": "z", "origin": [11.5, 17.5, 5.5]},
			"faces": {
				"north": {"uv": [0, 1.5, 0.125, 2.625], "texture": "#0"},
				"east": {"uv": [0.125, 1.5, 0.25, 2.625], "texture": "#0"},
				"south": {"uv": [0.25, 1.5, 0.375, 2.625], "texture": "#0"},
				"west": {"uv": [0.375, 1.5, 0.5, 2.625], "texture": "#0"},
				"up": {"uv": [0.625, 1.625, 0.5, 1.5], "texture": "#0"},
				"down": {"uv": [0.75, 1.5, 0.625, 1.625], "texture": "#0"}
			}
		},
		{
			"from": [9.2, 12.7, -7.25],
			"to": [9.2, 17.4, 27.75],
			"rotation": {"angle": 22.5, "axis": "z", "origin": [6.5, 15.9, 10.25]},
			"faces": {
				"north": {"uv": [0, 0, 0, 0.625], "texture": "#0"},
				"east": {"uv": [8.25, 3.75, 3.875, 4.375], "texture": "#0"},
				"south": {"uv": [0, 0, 0, 0.625], "texture": "#0"},
				"west": {"uv": [3.875, 3.75, 8.25, 4.375], "texture": "#0"},
				"up": {"uv": [0, 4.375, 0, 0], "texture": "#0"},
				"down": {"uv": [0, 0, 0, 4.375], "texture": "#0"}
			}
		},
		{
			"from": [5.5, 13, -7.25],
			"to": [6.5, 14, 27.75],
			"faces": {
				"north": {"uv": [0, 0, 0.125, 0.125], "texture": "#0"},
				"east": {"uv": [3, 1, 7.375, 1.125], "texture": "#0"},
				"south": {"uv": [0, 0.125, 0.125, 0.25], "texture": "#0"},
				"west": {"uv": [3, 1.125, 7.375, 1.25], "texture": "#0"},
				"up": {"uv": [1.75, 6.625, 1.625, 2.25], "texture": "#0"},
				"down": {"uv": [1.875, 2.25, 1.75, 6.625], "texture": "#0"}
			}
		},
		{
			"from": [7.5, 17.5, -7.25],
			"to": [8.5, 18.5, 25.45],
			"faces": {
				"north": {"uv": [0, 0, 0.125, 0.125], "texture": "#0"},
				"east": {"uv": [3, 1, 7.375, 1.125], "texture": "#0"},
				"south": {"uv": [0, 0.125, 0.125, 0.25], "texture": "#0"},
				"west": {"uv": [3, 1.125, 7.375, 1.25], "texture": "#0"},
				"up": {"uv": [1.75, 6.625, 1.625, 2.25], "texture": "#0"},
				"down": {"uv": [1.875, 2.25, 1.75, 6.625], "texture": "#0"}
			}
		},
		{
			"from": [6.6, 13.7, -7.25],
			"to": [6.6, 18.4, 27.75],
			"rotation": {"angle": -22.5, "axis": "z", "origin": [6.5, 15.9, 10.25]},
			"faces": {
				"north": {"uv": [0, 0, 0, 0.625], "texture": "#0"},
				"east": {"uv": [8.25, 3.75, 3.875, 4.375], "texture": "#0"},
				"south": {"uv": [0, 0, 0, 0.625], "texture": "#0"},
				"west": {"uv": [3.875, 3.75, 8.25, 4.375], "texture": "#0"},
				"up": {"uv": [0, 4.375, 0, 0], "texture": "#0"},
				"down": {"uv": [0, 0, 0, 4.375], "texture": "#0"}
			}
		},
		{
			"from": [6.5, 13, 26.75],
			"to": [9.5, 14, 27.75],
			"faces": {
				"north": {"uv": [0, 0, 0.125, 0.125], "texture": "#0"},
				"east": {"uv": [3, 1, 7.375, 1.125], "texture": "#0"},
				"south": {"uv": [0, 0.125, 0.125, 0.25], "texture": "#0"},
				"west": {"uv": [3, 1.125, 7.375, 1.25], "texture": "#0"},
				"up": {"uv": [1.75, 6.625, 1.625, 6.5], "texture": "#0"},
				"down": {"uv": [1.875, 6.5, 1.75, 6.625], "texture": "#0"}
			}
		},
		{
			"from": [7.5, 13, 26],
			"to": [8.5, 18, 26],
			"rotation": {"angle": -22.5, "axis": "x", "origin": [8, 16.5, 25]},
			"faces": {
				"north": {"uv": [0.5, 1.625, 0.625, 2.25], "texture": "#0"},
				"east": {"uv": [0, 0, 0, 0.625], "texture": "#0"},
				"south": {"uv": [0.625, 1.625, 0.75, 2.25], "texture": "#0"},
				"west": {"uv": [0, 0, 0, 0.625], "texture": "#0"},
				"up": {"uv": [0.125, 0, 0, 0], "texture": "#0"},
				"down": {"uv": [0.125, 0, 0, 0], "texture": "#0"}
			}
		},
		{
			"from": [9, 19, 9.25],
			"to": [10, 24, 10.25],
			"rotation": {"angle": 0, "axis": "y", "origin": [0, -4, 0]},
			"faces": {
				"north": {"uv": [0, 1.5, 0.125, 2.625], "texture": "#0"},
				"east": {"uv": [0.125, 1.5, 0.25, 2.625], "texture": "#0"},
				"south": {"uv": [0.25, 1.5, 0.375, 2.625], "texture": "#0"},
				"west": {"uv": [0.375, 1.5, 0.5, 2.625], "texture": "#0"},
				"up": {"uv": [0.625, 1.625, 0.5, 1.5], "texture": "#0"},
				"down": {"uv": [0.75, 1.5, 0.625, 1.625], "texture": "#0"}
			}
		},
		{
			"from": [9, 19, 5.75],
			"to": [10, 24, 6.75],
			"rotation": {"angle": 0, "axis": "y", "origin": [0, -4, 0]},
			"faces": {
				"north": {"uv": [0, 1.5, 0.125, 2.625], "texture": "#0"},
				"east": {"uv": [0.125, 1.5, 0.25, 2.625], "texture": "#0"},
				"south": {"uv": [0.25, 1.5, 0.375, 2.625], "texture": "#0"},
				"west": {"uv": [0.375, 1.5, 0.5, 2.625], "texture": "#0"},
				"up": {"uv": [0.625, 1.625, 0.5, 1.5], "texture": "#0"},
				"down": {"uv": [0.75, 1.5, 0.625, 1.625], "texture": "#0"}
			}
		},
		{
			"from": [6, 19, 5.75],
			"to": [7, 24, 6.75],
			"rotation": {"angle": 0, "axis": "y", "origin": [0, -4, 0]},
			"faces": {
				"north": {"uv": [0, 1.5, 0.125, 2.625], "texture": "#0"},
				"east": {"uv": [0.125, 1.5, 0.25, 2.625], "texture": "#0"},
				"south": {"uv": [0.25, 1.5, 0.375, 2.625], "texture": "#0"},
				"west": {"uv": [0.375, 1.5, 0.5, 2.625], "texture": "#0"},
				"up": {"uv": [0.625, 1.625, 0.5, 1.5], "texture": "#0"},
				"down": {"uv": [0.75, 1.5, 0.625, 1.625], "texture": "#0"}
			}
		},
		{
			"from": [6, 19, 9.25],
			"to": [7, 24, 10.25],
			"rotation": {"angle": 0, "axis": "y", "origin": [0, -4, 0]},
			"faces": {
				"north": {"uv": [0, 1.5, 0.125, 2.625], "texture": "#0"},
				"east": {"uv": [0.125, 1.5, 0.25, 2.625], "texture": "#0"},
				"south": {"uv": [0.25, 1.5, 0.375, 2.625], "texture": "#0"},
				"west": {"uv": [0.375, 1.5, 0.5, 2.625], "texture": "#0"},
				"up": {"uv": [0.625, 1.625, 0.5, 1.5], "texture": "#0"},
				"down": {"uv": [0.75, 1.5, 0.625, 1.625], "texture": "#0"}
			}
		},
		{
			"from": [5.5, 23.5, 5.4],
			"to": [10.5, 24.5, 10.6],
			"rotation": {"angle": 0, "axis": "y", "origin": [0, -4, 0]},
			"faces": {
				"north": {"uv": [0, 0.25, 0.625, 0.375], "texture": "#0"},
				"east": {"uv": [0, 0.375, 0.625, 0.5], "texture": "#0"},
				"south": {"uv": [0, 0.75, 0.625, 0.875], "texture": "#0"},
				"west": {"uv": [0, 0.875, 0.625, 1], "texture": "#0"},
				"up": {"uv": [4.25, 2.5, 3.625, 1.875], "texture": "#0"},
				"down": {"uv": [4.25, 2.5, 3.625, 3.125], "texture": "#0"}
			}
		},
		{
			"from": [7.75, 25.5, 9.6],
			"to": [8.25, 26, 25.3],
			"rotation": {"angle": 22.5, "axis": "x", "origin": [8, 23, 6.1]},
			"faces": {
				"north": {"uv": [0, 0, 0.125, 0.125], "texture": "#0"},
				"east": {"uv": [3, 1, 7.375, 1.125], "texture": "#0"},
				"south": {"uv": [0, 0.125, 0.125, 0.25], "texture": "#0"},
				"west": {"uv": [3, 1.125, 7.375, 1.25], "texture": "#0"},
				"up": {"uv": [1.75, 6.625, 1.625, 2.25], "texture": "#0"},
				"down": {"uv": [1.875, 2.25, 1.75, 6.625], "texture": "#0"}
			}
		},
		{
			"from": [9.91, 21.15, 6.35],
			"to": [9.91, 21.85, 10.35],
			"rotation": {"angle": 22.5, "axis": "x", "origin": [9.9, 22, 7.95]},
			"faces": {
				"north": {"uv": [0, 0, 0, 0.125], "texture": "#0"},
				"east": {"uv": [0, 1, 0.75, 1.125], "texture": "#0"},
				"south": {"uv": [0, 0, 0, 0.125], "texture": "#0"},
				"west": {"uv": [0.75, 1, 1.5, 1.125], "texture": "#0"},
				"up": {"uv": [0, 0.75, 0, 0], "texture": "#0"},
				"down": {"uv": [0, 0, 0, 0.75], "texture": "#0"}
			}
		},
		{
			"from": [9.9, 21.15, 5.65],
			"to": [9.9, 21.85, 9.65],
			"rotation": {"angle": -22.5, "axis": "x", "origin": [9.9, 22, 7.95]},
			"faces": {
				"north": {"uv": [0, 0, 0, 0.125], "texture": "#0"},
				"east": {"uv": [0, 1, 0.75, 1.125], "texture": "#0"},
				"south": {"uv": [0, 0, 0, 0.125], "texture": "#0"},
				"west": {"uv": [0.75, 1, 1.5, 1.125], "texture": "#0"},
				"up": {"uv": [0, 0.75, 0, 0], "texture": "#0"},
				"down": {"uv": [0, 0, 0, 0.75], "texture": "#0"}
			}
		},
		{
			"from": [9.9, 22.35, 5.75],
			"to": [9.9, 23.05, 9.75],
			"rotation": {"angle": 0, "axis": "y", "origin": [9.9, 20.25, 8]},
			"faces": {
				"north": {"uv": [0, 0, 0, 0.125], "texture": "#0"},
				"east": {"uv": [0, 1, 0.75, 1.125], "texture": "#0"},
				"south": {"uv": [0, 0, 0, 0.125], "texture": "#0"},
				"west": {"uv": [0.75, 1, 1.5, 1.125], "texture": "#0"},
				"up": {"uv": [0, 0.75, 0, 0], "texture": "#0"},
				"down": {"uv": [0, 0, 0, 0.75], "texture": "#0"}
			}
		},
		{
			"from": [6.1, 19.75, 5.75],
			"to": [6.1, 20.45, 9.75],
			"rotation": {"angle": 0, "axis": "y", "origin": [6.1, 20.25, 8]},
			"faces": {
				"north": {"uv": [0, 0, 0, 0.125], "texture": "#0"},
				"east": {"uv": [0, 1, 0.75, 1.125], "texture": "#0"},
				"south": {"uv": [0, 0, 0, 0.125], "texture": "#0"},
				"west": {"uv": [0.75, 1, 1.5, 1.125], "texture": "#0"},
				"up": {"uv": [0, 0.75, 0, 0], "texture": "#0"},
				"down": {"uv": [0, 0, 0, 0.75], "texture": "#0"}
			}
		},
		{
			"from": [6.11, 21.15, 6.35],
			"to": [6.11, 21.85, 10.35],
			"rotation": {"angle": 22.5, "axis": "x", "origin": [6.1, 22, 7.95]},
			"faces": {
				"north": {"uv": [0, 0, 0, 0.125], "texture": "#0"},
				"east": {"uv": [0, 1, 0.75, 1.125], "texture": "#0"},
				"south": {"uv": [0, 0, 0, 0.125], "texture": "#0"},
				"west": {"uv": [0.75, 1, 1.5, 1.125], "texture": "#0"},
				"up": {"uv": [0, 0.75, 0, 0], "texture": "#0"},
				"down": {"uv": [0, 0, 0, 0.75], "texture": "#0"}
			}
		},
		{
			"from": [6.1, 21.15, 5.65],
			"to": [6.1, 21.85, 9.65],
			"rotation": {"angle": -22.5, "axis": "x", "origin": [6.1, 22, 7.95]},
			"faces": {
				"north": {"uv": [0, 0, 0, 0.125], "texture": "#0"},
				"east": {"uv": [0, 1, 0.75, 1.125], "texture": "#0"},
				"south": {"uv": [0, 0, 0, 0.125], "texture": "#0"},
				"west": {"uv": [0.75, 1, 1.5, 1.125], "texture": "#0"},
				"up": {"uv": [0, 0.75, 0, 0], "texture": "#0"},
				"down": {"uv": [0, 0, 0, 0.75], "texture": "#0"}
			}
		},
		{
			"from": [6.1, 22.35, 5.75],
			"to": [6.1, 23.05, 9.75],
			"rotation": {"angle": 0, "axis": "y", "origin": [6.1, 20.25, 8]},
			"faces": {
				"north": {"uv": [0, 0, 0, 0.125], "texture": "#0"},
				"east": {"uv": [0, 1, 0.75, 1.125], "texture": "#0"},
				"south": {"uv": [0, 0, 0, 0.125], "texture": "#0"},
				"west": {"uv": [0.75, 1, 1.5, 1.125], "texture": "#0"},
				"up": {"uv": [0, 0.75, 0, 0], "texture": "#0"},
				"down": {"uv": [0, 0, 0, 0.75], "texture": "#0"}
			}
		},
		{
			"from": [9.9, 19.75, 5.75],
			"to": [9.9, 20.45, 9.75],
			"rotation": {"angle": 0, "axis": "y", "origin": [6.1, 20.25, 8]},
			"faces": {
				"north": {"uv": [0, 0, 0, 0.125], "texture": "#0"},
				"east": {"uv": [0, 1, 0.75, 1.125], "texture": "#0"},
				"south": {"uv": [0, 0, 0, 0.125], "texture": "#0"},
				"west": {"uv": [0.75, 1, 1.5, 1.125], "texture": "#0"},
				"up": {"uv": [0, 0.75, 0, 0], "texture": "#0"},
				"down": {"uv": [0, 0, 0, 0.75], "texture": "#0"}
			}
		},
		{
			"from": [6.1, 22.35, 5.85],
			"to": [9.9, 23.05, 5.85],
			"rotation": {"angle": 0, "axis": "y", "origin": [9.9, 20.25, 8]},
			"faces": {
				"north": {"uv": [0, 0, 0, 0.125], "texture": "#0"},
				"east": {"uv": [0, 1, 0.75, 1.125], "texture": "#0"},
				"south": {"uv": [0, 0, 0, 0.125], "texture": "#0"},
				"west": {"uv": [0.75, 1, 1.5, 1.125], "texture": "#0"},
				"up": {"uv": [0, 0.75, 0, 0], "texture": "#0"},
				"down": {"uv": [0, 0, 0, 0.75], "texture": "#0"}
			}
		},
		{
			"from": [5.6, 21.05, 5.85],
			"to": [9.4, 21.65, 5.85],
			"rotation": {"angle": -22.5, "axis": "z", "origin": [8, 20.4, 5.85]},
			"faces": {
				"north": {"uv": [0, 0, 0, 0.125], "texture": "#0"},
				"east": {"uv": [0, 1, 0.75, 1.125], "texture": "#0"},
				"south": {"uv": [0, 0, 0, 0.125], "texture": "#0"},
				"west": {"uv": [0.75, 1, 1.5, 1.125], "texture": "#0"},
				"up": {"uv": [0, 0.75, 0, 0], "texture": "#0"},
				"down": {"uv": [0, 0, 0, 0.75], "texture": "#0"}
			}
		},
		{
			"from": [6.5, 21.05, 5.86],
			"to": [10.3, 21.65, 5.86],
			"rotation": {"angle": 22.5, "axis": "z", "origin": [8, 20.4, 5.85]},
			"faces": {
				"north": {"uv": [0, 0, 0, 0.125], "texture": "#0"},
				"east": {"uv": [0, 1, 0.75, 1.125], "texture": "#0"},
				"south": {"uv": [0, 0, 0, 0.125], "texture": "#0"},
				"west": {"uv": [0.75, 1, 1.5, 1.125], "texture": "#0"},
				"up": {"uv": [0, 0.75, 0, 0], "texture": "#0"},
				"down": {"uv": [0, 0, 0, 0.75], "texture": "#0"}
			}
		},
		{
			"from": [6.1, 19.75, 10.15],
			"to": [9.9, 20.45, 10.15],
			"rotation": {"angle": 0, "axis": "y", "origin": [9.9, 20.25, 12.3]},
			"faces": {
				"north": {"uv": [0, 0, 0, 0.125], "texture": "#0"},
				"east": {"uv": [0, 1, 0.75, 1.125], "texture": "#0"},
				"south": {"uv": [0, 0, 0, 0.125], "texture": "#0"},
				"west": {"uv": [0.75, 1, 1.5, 1.125], "texture": "#0"},
				"up": {"uv": [0, 0.75, 0, 0], "texture": "#0"},
				"down": {"uv": [0, 0, 0, 0.75], "texture": "#0"}
			}
		},
		{
			"from": [5.6, 21.05, 10.15],
			"to": [9.4, 21.65, 10.15],
			"rotation": {"angle": -22.5, "axis": "z", "origin": [8, 20.4, 10.15]},
			"faces": {
				"north": {"uv": [0, 0, 0, 0.125], "texture": "#0"},
				"east": {"uv": [0, 1, 0.75, 1.125], "texture": "#0"},
				"south": {"uv": [0, 0, 0, 0.125], "texture": "#0"},
				"west": {"uv": [0.75, 1, 1.5, 1.125], "texture": "#0"},
				"up": {"uv": [0, 0.75, 0, 0], "texture": "#0"},
				"down": {"uv": [0, 0, 0, 0.75], "texture": "#0"}
			}
		},
		{
			"from": [6.5, 21.05, 10.16],
			"to": [10.3, 21.65, 10.16],
			"rotation": {"angle": 22.5, "axis": "z", "origin": [8, 20.4, 10.15]},
			"faces": {
				"north": {"uv": [0, 0, 0, 0.125], "texture": "#0"},
				"east": {"uv": [0, 1, 0.75, 1.125], "texture": "#0"},
				"south": {"uv": [0, 0, 0, 0.125], "texture": "#0"},
				"west": {"uv": [0.75, 1, 1.5, 1.125], "texture": "#0"},
				"up": {"uv": [0, 0.75, 0, 0], "texture": "#0"},
				"down": {"uv": [0, 0, 0, 0.75], "texture": "#0"}
			}
		},
		{
			"from": [6.1, 22.35, 10.15],
			"to": [9.9, 23.05, 10.15],
			"rotation": {"angle": 0, "axis": "y", "origin": [9.9, 20.25, 12.3]},
			"faces": {
				"north": {"uv": [0, 0, 0, 0.125], "texture": "#0"},
				"east": {"uv": [0, 1, 0.75, 1.125], "texture": "#0"},
				"south": {"uv": [0, 0, 0, 0.125], "texture": "#0"},
				"west": {"uv": [0.75, 1, 1.5, 1.125], "texture": "#0"},
				"up": {"uv": [0, 0.75, 0, 0], "texture": "#0"},
				"down": {"uv": [0, 0, 0, 0.75], "texture": "#0"}
			}
		},
		{
			"from": [5.55, 13.3, -7.25],
			"to": [10.25, 13.3, 27.75],
			"rotation": {"angle": 0, "axis": "y", "origin": [6.5, 16, 10.25]},
			"faces": {
				"north": {"uv": [0, 0, 0, 0.625], "rotation": 270, "texture": "#0"},
				"east": {"uv": [0, 4.375, 0, 0], "rotation": 90, "texture": "#0"},
				"south": {"uv": [0, 0, 0, 0.625], "rotation": 90, "texture": "#0"},
				"west": {"uv": [0, 0, 0, 4.375], "rotation": 90, "texture": "#0"},
				"up": {"uv": [3.875, 3.75, 8.25, 4.375], "rotation": 90, "texture": "#0"},
				"down": {"uv": [3.875, 3.75, 8.25, 4.375], "rotation": 90, "texture": "#0"}
			}
		},
		{
			"from": [4, 0, 11],
			"to": [5, 5, 12],
			"rotation": {"angle": 0, "axis": "y", "origin": [0, -4, 0]},
			"faces": {
				"north": {"uv": [0, 1.5, 0.125, 2.125], "texture": "#0"},
				"east": {"uv": [0.125, 1.5, 0.25, 2.125], "texture": "#0"},
				"south": {"uv": [0.25, 1.5, 0.375, 2.125], "texture": "#0"},
				"west": {"uv": [0.375, 1.5, 0.5, 2.125], "texture": "#0"},
				"up": {"uv": [0.625, 1.625, 0.5, 1.5], "texture": "#0"},
				"down": {"uv": [0.75, 1.5, 0.625, 1.625], "texture": "#0"}
			}
		},
		{
			"from": [4.25, 0.4, 11.895],
			"to": [11.5, 1.4, 11.895],
			"rotation": {"angle": 0, "axis": "y", "origin": [6.5, 4.9, 11.8]},
			"faces": {
				"north": {"uv": [0, 0.5, 0.875, 0.625], "texture": "#0"},
				"east": {"uv": [0, 0, 0, 0.125], "texture": "#0"},
				"south": {"uv": [0, 0.625, 0.875, 0.75], "texture": "#0"},
				"west": {"uv": [0, 0, 0, 0.125], "texture": "#0"},
				"up": {"uv": [0.875, 0, 0, 0], "texture": "#0"},
				"down": {"uv": [0.875, 0, 0, 0], "texture": "#0"}
			}
		},
		{
			"from": [3.5, 1.9, 11.9],
			"to": [10.75, 2.9, 11.9],
			"rotation": {"angle": 22.5, "axis": "z", "origin": [6.5, 4.9, 11.8]},
			"faces": {
				"north": {"uv": [0.875, 0.25, 1.75, 0.375], "texture": "#0"},
				"east": {"uv": [0, 0, 0, 0.125], "texture": "#0"},
				"south": {"uv": [0.875, 0.375, 1.75, 0.5], "texture": "#0"},
				"west": {"uv": [0, 0, 0, 0.125], "texture": "#0"},
				"up": {"uv": [0.875, 0, 0, 0], "texture": "#0"},
				"down": {"uv": [0.875, 0, 0, 0], "texture": "#0"}
			}
		},
		{
			"from": [5, 3.15, 11.89],
			"to": [12.25, 4.15, 11.89],
			"rotation": {"angle": -22.5, "axis": "z", "origin": [6.5, 4.9, 11.8]},
			"faces": {
				"north": {"uv": [0.875, 0, 1.75, 0.125], "texture": "#0"},
				"east": {"uv": [0, 0, 0, 0.125], "texture": "#0"},
				"south": {"uv": [0.875, 0.125, 1.75, 0.25], "texture": "#0"},
				"west": {"uv": [0, 0, 0, 0.125], "texture": "#0"},
				"up": {"uv": [0.875, 0, 0, 0], "texture": "#0"},
				"down": {"uv": [0.875, 0, 0, 0], "texture": "#0"}
			}
		},
		{
			"from": [11.89, 2.25, 5],
			"to": [11.89, 3.25, 12.9],
			"rotation": {"angle": -22.5, "axis": "x", "origin": [11.9, 0.75, 8]},
			"faces": {
				"north": {"uv": [0, 0, 0, 0.125], "texture": "#0"},
				"east": {"uv": [0.875, 0.75, 1.875, 0.875], "texture": "#0"},
				"south": {"uv": [0, 0, 0, 0.125], "texture": "#0"},
				"west": {"uv": [0.875, 0.875, 1.875, 1], "texture": "#0"},
				"up": {"uv": [0, 1, 0, 0], "texture": "#0"},
				"down": {"uv": [0, 0, 0, 1], "texture": "#0"}
			}
		},
		{
			"from": [11.899, 2.25, 3],
			"to": [11.899, 3.25, 10.9],
			"rotation": {"angle": 22.5, "axis": "x", "origin": [11.9, 0.75, 8]},
			"faces": {
				"north": {"uv": [0, 0, 0, 0.125], "texture": "#0"},
				"east": {"uv": [0.875, 0.5, 1.875, 0.625], "texture": "#0"},
				"south": {"uv": [0, 0, 0, 0.125], "texture": "#0"},
				"west": {"uv": [0.875, 0.625, 1.875, 0.75], "texture": "#0"},
				"up": {"uv": [0, 1, 0, 0], "texture": "#0"},
				"down": {"uv": [0, 0, 0, 1], "texture": "#0"}
			}
		},
		{
			"from": [11, 0, 11],
			"to": [12, 5, 12],
			"rotation": {"angle": 0, "axis": "y", "origin": [0, -4, 0]},
			"faces": {
				"north": {"uv": [0, 1.5, 0.125, 2.125], "texture": "#0"},
				"east": {"uv": [0.125, 1.5, 0.25, 2.125], "texture": "#0"},
				"south": {"uv": [0.25, 1.5, 0.375, 2.125], "texture": "#0"},
				"west": {"uv": [0.375, 1.5, 0.5, 2.125], "texture": "#0"},
				"up": {"uv": [0.625, 1.625, 0.5, 1.5], "texture": "#0"},
				"down": {"uv": [0.75, 1.5, 0.625, 1.625], "texture": "#0"}
			}
		},
		{
			"from": [11, 0, 4],
			"to": [12, 5, 5],
			"rotation": {"angle": 0, "axis": "y", "origin": [0, -4, 0]},
			"faces": {
				"north": {"uv": [0, 1.5, 0.125, 2.125], "texture": "#0"},
				"east": {"uv": [0.125, 1.5, 0.25, 2.125], "texture": "#0"},
				"south": {"uv": [0.25, 1.5, 0.375, 2.125], "texture": "#0"},
				"west": {"uv": [0.375, 1.5, 0.5, 2.125], "texture": "#0"},
				"up": {"uv": [0.625, 1.625, 0.5, 1.5], "texture": "#0"},
				"down": {"uv": [0.75, 1.5, 0.625, 1.625], "texture": "#0"}
			}
		},
		{
			"from": [4, 0, 4],
			"to": [5, 5, 5],
			"rotation": {"angle": 0, "axis": "y", "origin": [0, -4, 0]},
			"faces": {
				"north": {"uv": [0, 1.5, 0.125, 2.125], "texture": "#0"},
				"east": {"uv": [0.125, 1.5, 0.25, 2.125], "texture": "#0"},
				"south": {"uv": [0.25, 1.5, 0.375, 2.125], "texture": "#0"},
				"west": {"uv": [0.375, 1.5, 0.5, 2.125], "texture": "#0"},
				"up": {"uv": [0.625, 1.625, 0.5, 1.5], "texture": "#0"},
				"down": {"uv": [0.75, 1.5, 0.625, 1.625], "texture": "#0"}
			}
		},
		{
			"from": [4.09, 2.25, 5],
			"to": [4.09, 3.25, 12.9],
			"rotation": {"angle": -22.5, "axis": "x", "origin": [4.1, 0.75, 8]},
			"faces": {
				"north": {"uv": [0, 0, 0, 0.125], "texture": "#0"},
				"east": {"uv": [0.875, 0.75, 1.875, 0.875], "texture": "#0"},
				"south": {"uv": [0, 0, 0, 0.125], "texture": "#0"},
				"west": {"uv": [0.875, 0.875, 1.875, 1], "texture": "#0"},
				"up": {"uv": [0, 1, 0, 0], "texture": "#0"},
				"down": {"uv": [0, 0, 0, 1], "texture": "#0"}
			}
		},
		{
			"from": [4.099, 2.25, 3],
			"to": [4.099, 3.25, 10.9],
			"rotation": {"angle": 22.5, "axis": "x", "origin": [4.1, 0.75, 8]},
			"faces": {
				"north": {"uv": [0, 0, 0, 0.125], "texture": "#0"},
				"east": {"uv": [0.875, 0.5, 1.875, 0.625], "texture": "#0"},
				"south": {"uv": [0, 0, 0, 0.125], "texture": "#0"},
				"west": {"uv": [0.875, 0.625, 1.875, 0.75], "texture": "#0"},
				"up": {"uv": [0, 1, 0, 0], "texture": "#0"},
				"down": {"uv": [0, 0, 0, 1], "texture": "#0"}
			}
		},
		{
			"from": [4.1, 0.25, 5],
			"to": [4.1, 1.25, 11],
			"rotation": {"angle": 0, "axis": "y", "origin": [0, 0.25, 0]},
			"faces": {
				"north": {"uv": [0, 0, 0, 0.125], "texture": "#0"},
				"east": {"uv": [0, 1, 0.75, 1.125], "texture": "#0"},
				"south": {"uv": [0, 0, 0, 0.125], "texture": "#0"},
				"west": {"uv": [0.75, 1, 1.5, 1.125], "texture": "#0"},
				"up": {"uv": [0, 0.75, 0, 0], "texture": "#0"},
				"down": {"uv": [0, 0, 0, 0.75], "texture": "#0"}
			}
		},
		{
			"from": [4.25, 0.4, 4.095],
			"to": [11.5, 1.4, 4.095],
			"rotation": {"angle": 0, "axis": "y", "origin": [6.5, 4.9, 4]},
			"faces": {
				"north": {"uv": [0, 0.5, 0.875, 0.625], "texture": "#0"},
				"east": {"uv": [0, 0, 0, 0.125], "texture": "#0"},
				"south": {"uv": [0, 0.625, 0.875, 0.75], "texture": "#0"},
				"west": {"uv": [0, 0, 0, 0.125], "texture": "#0"},
				"up": {"uv": [0.875, 0, 0, 0], "texture": "#0"},
				"down": {"uv": [0.875, 0, 0, 0], "texture": "#0"}
			}
		},
		{
			"from": [3.5, 1.9, 4.1],
			"to": [10.75, 2.9, 4.1],
			"rotation": {"angle": 22.5, "axis": "z", "origin": [6.5, 4.9, 4]},
			"faces": {
				"north": {"uv": [0.875, 0.25, 1.75, 0.375], "texture": "#0"},
				"east": {"uv": [0, 0, 0, 0.125], "texture": "#0"},
				"south": {"uv": [0.875, 0.375, 1.75, 0.5], "texture": "#0"},
				"west": {"uv": [0, 0, 0, 0.125], "texture": "#0"},
				"up": {"uv": [0.875, 0, 0, 0], "texture": "#0"},
				"down": {"uv": [0.875, 0, 0, 0], "texture": "#0"}
			}
		},
		{
			"from": [5, 3.15, 4.09],
			"to": [12.25, 4.15, 4.09],
			"rotation": {"angle": -22.5, "axis": "z", "origin": [6.5, 4.9, 4]},
			"faces": {
				"north": {"uv": [0.875, 0, 1.75, 0.125], "texture": "#0"},
				"east": {"uv": [0, 0, 0, 0.125], "texture": "#0"},
				"south": {"uv": [0.875, 0.125, 1.75, 0.25], "texture": "#0"},
				"west": {"uv": [0, 0, 0, 0.125], "texture": "#0"},
				"up": {"uv": [0.875, 0, 0, 0], "texture": "#0"},
				"down": {"uv": [0.875, 0, 0, 0], "texture": "#0"}
			}
		},
		{
			"from": [11.9, 0.25, 5],
			"to": [11.9, 1.25, 11],
			"rotation": {"angle": 0, "axis": "y", "origin": [7.8, 0.25, 0]},
			"faces": {
				"north": {"uv": [0, 0, 0, 0.125], "texture": "#0"},
				"east": {"uv": [0, 1, 0.75, 1.125], "texture": "#0"},
				"south": {"uv": [0, 0, 0, 0.125], "texture": "#0"},
				"west": {"uv": [0.75, 1, 1.5, 1.125], "texture": "#0"},
				"up": {"uv": [0, 0.75, 0, 0], "texture": "#0"},
				"down": {"uv": [0, 0, 0, 0.75], "texture": "#0"}
			}
		},
		{
			"from": [12.5, 5, 3.5],
			"to": [12.5, 13, 12.5],
			"faces": {
				"north": {"uv": [0, 0, 0, 1], "texture": "#0"},
				"east": {"uv": [0.75, 1.125, 1.875, 2.125], "texture": "#0"},
				"south": {"uv": [0, 0, 0, 1], "texture": "#0"},
				"west": {"uv": [1.875, 0, 3, 1], "texture": "#0"},
				"up": {"uv": [0, 1.125, 0, 0], "texture": "#0"},
				"down": {"uv": [0, 0, 0, 1.125], "texture": "#0"}
			}
		},
		{
			"from": [3.5, 5, 3.5],
			"to": [3.5, 13, 12.5],
			"faces": {
				"north": {"uv": [0, 0, 0, 1], "texture": "#0"},
				"east": {"uv": [1.875, 1, 3, 2], "texture": "#0"},
				"south": {"uv": [0, 0, 0, 1], "texture": "#0"},
				"west": {"uv": [1.875, 2, 3, 3], "texture": "#0"},
				"up": {"uv": [0, 1.125, 0, 0], "texture": "#0"},
				"down": {"uv": [0, 0, 0, 1.125], "texture": "#0"}
			}
		},
		{
			"from": [3.5, 5, 3.5],
			"to": [12.5, 13, 3.5],
			"faces": {
				"north": {"uv": [0.5, 2.25, 1.625, 3.25], "texture": "#0"},
				"east": {"uv": [0, 0, 0, 1], "texture": "#0"},
				"south": {"uv": [3, 0, 4.125, 1], "texture": "#0"},
				"west": {"uv": [0, 0, 0, 1], "texture": "#0"},
				"up": {"uv": [1.125, 0, 0, 0], "texture": "#0"},
				"down": {"uv": [1.125, 0, 0, 0], "texture": "#0"}
			}
		},
		{
			"from": [3.5, 5, 12.5],
			"to": [12.5, 13, 12.5],
			"faces": {
				"north": {"uv": [4.125, 0, 5.25, 1], "texture": "#0"},
				"east": {"uv": [0, 0, 0, 1], "texture": "#0"},
				"south": {"uv": [0, 4.75, 1.125, 5.75], "texture": "#0"},
				"west": {"uv": [0, 0, 0, 1], "texture": "#0"},
				"up": {"uv": [1.125, 0, 0, 0], "texture": "#0"},
				"down": {"uv": [1.125, 0, 0, 0], "texture": "#0"}
			}
		},
		{
			"from": [3.5, 5, 3.5],
			"to": [12.5, 5, 12.5],
			"rotation": {"angle": 0, "axis": "y", "origin": [8, 12.5, -9]},
			"faces": {
				"north": {"uv": [0, 0, 1.125, 0], "texture": "#0"},
				"east": {"uv": [0, 0, 1.125, 0], "texture": "#0"},
				"south": {"uv": [0, 0, 1.125, 0], "texture": "#0"},
				"west": {"uv": [0, 0, 1.125, 0], "texture": "#0"},
				"up": {"uv": [4, 5.5, 2.875, 4.375], "texture": "#0"},
				"down": {"uv": [5.125, 4.375, 4, 5.5], "texture": "#0"}
			}
		},
		{
			"from": [3.5, 12.29, 3.5],
			"to": [12.5, 12.29, 12.5],
			"rotation": {"angle": 0, "axis": "y", "origin": [8, 12.5, -9]},
			"faces": {
				"north": {"uv": [0, 0, 1.125, 0], "texture": "#0"},
				"east": {"uv": [0, 0, 1.125, 0], "texture": "#0"},
				"south": {"uv": [0, 0, 1.125, 0], "texture": "#0"},
				"west": {"uv": [0, 0, 1.125, 0], "texture": "#0"},
				"up": {"uv": [5.375, 2.375, 4.25, 1.25], "texture": "#0"},
				"down": {"uv": [5.375, 2.375, 4.25, 3.5], "texture": "#0"}
			}
		},
		{
			"from": [3.5, 12.99, 3.5],
			"to": [12.5, 12.99, 12.5],
			"rotation": {"angle": 0, "axis": "y", "origin": [8, 12.5, -9]},
			"faces": {
				"north": {"uv": [0, 0, 1.125, 0], "texture": "#0"},
				"east": {"uv": [0, 0, 1.125, 0], "texture": "#0"},
				"south": {"uv": [0, 0, 1.125, 0], "texture": "#0"},
				"west": {"uv": [0, 0, 1.125, 0], "texture": "#0"},
				"up": {"uv": [5.375, 2.375, 4.25, 1.25], "texture": "#0"},
				"down": {"uv": [5.375, 2.375, 4.25, 3.5], "texture": "#0"}
			}
		},
		{
			"from": [6, 5.1, 5],
			"to": [10, 9.1, 7],
			"faces": {
				"north": {"uv": [3, 2.75, 3.5, 3.25], "texture": "#0"},
				"east": {"uv": [3.125, 1.75, 3.375, 2.25], "texture": "#0"},
				"south": {"uv": [3.125, 1.25, 3.625, 1.75], "texture": "#0"},
				"west": {"uv": [3.125, 2.25, 3.375, 2.75], "texture": "#0"},
				"up": {"uv": [3.375, 3.5, 2.875, 3.25], "texture": "#0"},
				"down": {"uv": [3.875, 3.25, 3.375, 3.5], "texture": "#0"}
			}
		},
		{
			"from": [7, 7, 8],
			"to": [9, 10, 9],
			"faces": {
				"north": {"uv": [14, 2.5, 15, 4], "texture": "#0"},
				"east": {"uv": [13.5, 2.5, 14, 4], "texture": "#0"},
				"south": {"uv": [12.5, 2.5, 13.5, 4], "texture": "#0"},
				"west": {"uv": [12, 2.5, 12.5, 4], "texture": "#0"},
				"up": {"uv": [12.5, 2, 13.5, 2.5], "texture": "#0"},
				"down": {"uv": [13.5, 2, 14.5, 2.5], "texture": "#0"}
			}
		},
		{
			"from": [9, 6.75, 8.5],
			"to": [10, 9.75, 9.5],
			"rotation": {"angle": -22.5, "axis": "x", "origin": [9.5, 8.5, 8.5]},
			"faces": {
				"north": {"uv": [13.5, 4.5, 14, 6], "texture": "#0"},
				"east": {"uv": [13, 4.5, 13.5, 6], "texture": "#0"},
				"south": {"uv": [12.5, 4.5, 13, 6], "texture": "#0"},
				"west": {"uv": [12, 4.5, 12.5, 6], "texture": "#0"},
				"up": {"uv": [12.5, 4, 13, 4.5], "texture": "#0"},
				"down": {"uv": [13, 4, 13.5, 4.5], "texture": "#0"}
			}
		},
		{
			"from": [7.5, -7.4, 22.11],
			"to": [8.5, -4.4, 23.11],
			"rotation": {"angle": 0, "axis": "y", "origin": [10, -1.75, 22.5]},
			"faces": {
				"north": {"uv": [11.5, 10.625, 12, 12.125], "texture": "#0"},
				"east": {"uv": [11.5, 10.625, 11, 12.125], "texture": "#0"},
				"south": {"uv": [11, 10.625, 10.5, 12.125], "texture": "#0"},
				"west": {"uv": [10, 10.625, 10.5, 12.125], "texture": "#0"},
				"up": {"uv": [10.5, 10.125, 11, 10.625], "rotation": 270, "texture": "#0"},
				"down": {"uv": [11, 10.125, 11.5, 10.625], "rotation": 90, "texture": "#0"}
			}
		},
		{
			"from": [7.5, -7.4, 23.09],
			"to": [8.5, -4.4, 24.09],
			"rotation": {"angle": 0, "axis": "y", "origin": [10, -1.75, 22.5]},
			"faces": {
				"north": {"uv": [11.5, 8.5, 12, 10], "texture": "#0"},
				"east": {"uv": [11, 8.5, 11.5, 10], "texture": "#0"},
				"south": {"uv": [11, 8.5, 10.5, 10], "texture": "#0"},
				"west": {"uv": [10, 8.5, 10.5, 10], "texture": "#0"},
				"up": {"uv": [10.5, 8, 11, 8.5], "rotation": 270, "texture": "#0"},
				"down": {"uv": [11, 8, 11.5, 8.5], "rotation": 90, "texture": "#0"}
			}
		},
		{
			"from": [7, -1.4, 22.1],
			"to": [9, 0.6, 24.1],
			"rotation": {"angle": 0, "axis": "y", "origin": [10, -1.75, 22.5]},
			"faces": {
				"north": {"uv": [12, 7, 13, 8], "texture": "#0"},
				"east": {"uv": [11, 7, 12, 8], "texture": "#0"},
				"south": {"uv": [10, 7, 11, 8], "texture": "#0"},
				"west": {"uv": [13, 7, 14, 8], "texture": "#0"},
				"up": {"uv": [11, 6, 12, 7], "rotation": 270, "texture": "#0"},
				"down": {"uv": [12, 6, 13, 7], "rotation": 90, "texture": "#0"}
			}
		},
		{
			"from": [7.5, -2, 24.5],
			"to": [8.5, 1, 25.5],
			"rotation": {"angle": 22.5, "axis": "x", "origin": [8, -0.5, 25]},
			"faces": {
				"north": {"uv": [15.5, 6.5, 16, 8], "rotation": 180, "texture": "#0"},
				"east": {"uv": [14, 6.5, 14.5, 8], "rotation": 180, "texture": "#0"},
				"south": {"uv": [14.5, 6.5, 15, 8], "rotation": 180, "texture": "#0"},
				"west": {"uv": [15, 6.5, 15.5, 8], "rotation": 180, "texture": "#0"},
				"up": {"uv": [15, 6, 15.5, 6.5], "rotation": 270, "texture": "#0"},
				"down": {"uv": [14.5, 6, 15, 6.5], "rotation": 90, "texture": "#0"}
			}
		},
		{
			"from": [7.5, -4.4, 22.1],
			"to": [8.5, -1.4, 24.1],
			"rotation": {"angle": 0, "axis": "y", "origin": [10, -1.75, 22.5]},
			"faces": {
				"north": {"uv": [13.5, 8.5, 14, 10], "texture": "#0"},
				"east": {"uv": [12.5, 8.5, 13.5, 10], "texture": "#0"},
				"south": {"uv": [12, 8.5, 12.5, 10], "texture": "#0"},
				"west": {"uv": [14, 8.5, 15, 10], "texture": "#0"},
				"up": {"uv": [12.5, 8, 13.5, 8.5], "rotation": 270, "texture": "#0"},
				"down": {"uv": [13.5, 8, 14.5, 8.5], "rotation": 90, "texture": "#0"}
			}
		},
		{
			"from": [7.5, -4.4, 21.1],
			"to": [8.5, -1.4, 22.1],
			"rotation": {"angle": 0, "axis": "y", "origin": [10, -1.75, 22.5]},
			"faces": {
				"north": {"uv": [13.5, 10.5, 14, 12], "texture": "#0"},
				"east": {"uv": [13, 10.5, 13.5, 12], "texture": "#0"},
				"south": {"uv": [12.5, 10.5, 13, 12], "texture": "#0"},
				"west": {"uv": [12, 10.5, 12.5, 12], "texture": "#0"},
				"up": {"uv": [12.5, 10, 13, 10.5], "rotation": 270, "texture": "#0"},
				"down": {"uv": [13, 10, 13.5, 10.5], "rotation": 90, "texture": "#0"}
			}
		},
		{
			"from": [6, 6.5, 8.5],
			"to": [7, 9.5, 9.5],
			"rotation": {"angle": -45, "axis": "x", "origin": [6.5, 8.5, 8.5]},
			"faces": {
				"north": {"uv": [15.5, 0.5, 16, 2], "texture": "#0"},
				"east": {"uv": [15, 0.5, 15.5, 2], "texture": "#0"},
				"south": {"uv": [14.5, 0.5, 15, 2], "texture": "#0"},
				"west": {"uv": [14, 0.5, 14.5, 2], "texture": "#0"},
				"up": {"uv": [14.5, 0, 15, 0.5], "texture": "#0"},
				"down": {"uv": [15, 0, 15.5, 0.5], "texture": "#0"}
			}
		},
		{
			"from": [7.01, 5, 9.25],
			"to": [8.01, 8, 10.25],
			"rotation": {"angle": -45, "axis": "x", "origin": [8, 6.5, 10]},
			"faces": {
				"north": {"uv": [10, 2.5, 10.5, 4], "texture": "#0"},
				"east": {"uv": [11.5, 2.5, 12, 4], "texture": "#0"},
				"south": {"uv": [11, 2.5, 11.5, 4], "texture": "#0"},
				"west": {"uv": [11, 2.5, 10.5, 4], "texture": "#0"},
				"up": {"uv": [10.5, 2, 11, 2.5], "texture": "#0"},
				"down": {"uv": [11, 2, 11.5, 2.5], "texture": "#0"}
			}
		},
		{
			"from": [7.99, 5, 9.25],
			"to": [8.99, 8, 10.25],
			"rotation": {"angle": -45, "axis": "x", "origin": [8, 6.5, 10]},
			"faces": {
				"north": {"uv": [10, 4.5, 10.5, 6], "texture": "#0"},
				"east": {"uv": [11.5, 4.5, 12, 6], "texture": "#0"},
				"south": {"uv": [11.5, 4.5, 11, 6], "texture": "#0"},
				"west": {"uv": [11, 4.5, 10.5, 6], "texture": "#0"},
				"up": {"uv": [10.5, 4, 11, 4.5], "texture": "#0"},
				"down": {"uv": [11, 4, 11.5, 4.5], "texture": "#0"}
			}
		},
		{
			"from": [7, 10, 7.5],
			"to": [9, 12, 9.5],
			"faces": {
				"north": {"uv": [13, 1, 14, 2], "texture": "#0"},
				"east": {"uv": [12, 1, 13, 2], "texture": "#0"},
				"south": {"uv": [11, 1, 12, 2], "texture": "#0"},
				"west": {"uv": [10, 1, 11, 2], "texture": "#0"},
				"up": {"uv": [11, 0, 12, 1], "texture": "#0"},
				"down": {"uv": [12, 0, 13, 1], "texture": "#0"}
			}
		},
		{
			"from": [6, 5.1, 7],
			"to": [10, 7.1, 9],
			"faces": {
				"north": {"uv": [2.875, 3.5, 3.375, 3.75], "texture": "#0"},
				"east": {"uv": [3.375, 1.75, 3.625, 2], "texture": "#0"},
				"south": {"uv": [3.375, 3.5, 3.875, 3.75], "texture": "#0"},
				"west": {"uv": [1.875, 3.375, 2.125, 3.625], "texture": "#0"},
				"up": {"uv": [2.375, 4, 1.875, 3.75], "texture": "#0"},
				"down": {"uv": [3.25, 3.75, 2.75, 4], "texture": "#0"}
			}
		},
		{
			"from": [6, 5, 11],
			"to": [7, 6, 12],
			"faces": {
				"north": {"uv": [0.5, 0, 0.625, 0.125], "texture": "#0"},
				"east": {"uv": [0.5, 0.125, 0.625, 0.25], "texture": "#0"},
				"south": {"uv": [0.5, 1.125, 0.625, 1.25], "texture": "#0"},
				"west": {"uv": [0.625, 1.125, 0.75, 1.25], "texture": "#0"},
				"up": {"uv": [0.625, 1.375, 0.5, 1.25], "texture": "#0"},
				"down": {"uv": [0.75, 1.25, 0.625, 1.375], "texture": "#0"}
			}
		},
		{
			"from": [9, 5, 11],
			"to": [10, 6, 12],
			"faces": {
				"north": {"uv": [0.125, 0, 0.25, 0.125], "texture": "#0"},
				"east": {"uv": [0.125, 0.125, 0.25, 0.25], "texture": "#0"},
				"south": {"uv": [0.25, 0, 0.375, 0.125], "texture": "#0"},
				"west": {"uv": [0.25, 0.125, 0.375, 0.25], "texture": "#0"},
				"up": {"uv": [0.5, 0.125, 0.375, 0], "texture": "#0"},
				"down": {"uv": [0.5, 0.125, 0.375, 0.25], "texture": "#0"}
			}
		},
		{
			"from": [9.25, 6.25, 10],
			"to": [9.75, 8.75, 10.5],
			"rotation": {"angle": -45, "axis": "x", "origin": [9.5, 7.25, 11.5]},
			"faces": {
				"north": {"uv": [1.75, 0, 1.875, 0.375], "texture": "#0"},
				"east": {"uv": [3, 1.25, 3.125, 1.625], "texture": "#0"},
				"south": {"uv": [3, 1.625, 3.125, 2], "texture": "#0"},
				"west": {"uv": [1.875, 3, 2, 3.375], "texture": "#0"},
				"up": {"uv": [0.125, 1.5, 0, 1.375], "texture": "#0"},
				"down": {"uv": [0.25, 1.375, 0.125, 1.5], "texture": "#0"}
			}
		},
		{
			"from": [6.25, 5.75, 10.5],
			"to": [6.75, 8.25, 11],
			"rotation": {"angle": -22.5, "axis": "x", "origin": [9.5, 7.25, 11.5]},
			"faces": {
				"north": {"uv": [2, 3, 2.125, 3.375], "texture": "#0"},
				"east": {"uv": [3, 2, 3.125, 2.375], "texture": "#0"},
				"south": {"uv": [2.125, 3, 2.25, 3.375], "texture": "#0"},
				"west": {"uv": [3, 2.375, 3.125, 2.75], "texture": "#0"},
				"up": {"uv": [0.375, 1.5, 0.25, 1.375], "texture": "#0"},
				"down": {"uv": [0.5, 1.375, 0.375, 1.5], "texture": "#0"}
			}
		}
	],
	"display": {
		"thirdperson_righthand": {
			"rotation": [0, 180, 0],
			"translation": [0, 2.5, 0],
			"scale": [0.4, 0.4, 0.4]
		},
		"thirdperson_lefthand": {
			"rotation": [0, 180, 0],
			"translation": [0, 2.5, 0],
			"scale": [0.4, 0.4, 0.4]
		},
		"firstperson_righthand": {
			"rotation": [0, -145, 0],
			"scale": [0.54, 0.54, 0.54]
		},
		"firstperson_lefthand": {
			"rotation": [0, -145, 0],
			"scale": [0.54, 0.54, 0.54]
		},
		"gui": {
			"rotation": [7, -64, 0],
			"translation": [1, -0.25, 0],
			"scale": [0.46, 0.46, 0.46]
		},
		"head": {
			"rotation": [0, 90, 0],
			"translation": [0, 18.25, 0],
			"scale": [1.5, 1.5, 1.5]
		},
		"fixed": {
			"rotation": [-90, 0, 0],
			"translation": [0, 8.25, -13.75],
			"scale": [1.73, 1.73, 1.73]
		}
	},
	"groups": [
		{
			"name": "group",
			"origin": [0, -4, 0],
			"color": 0,
			"children": [0, 1, 2, 3, 4]
		},
		{
			"name": "group",
			"origin": [9.9, 20.25, 12.3],
			"color": 0,
			"children": [5, 6, 7, 8, 9, 10, 11, 12, 13, 14, 15, 16, 17, 18, 19, 20, 21, 22, 23, 24, 25, 26, 27, 28, 29, 30, 31, 32, 33, 34, 35, 36, 37, 38, 39, 40]
		},
		{
			"name": "group",
			"origin": [8, 12.5, -9],
			"color": 0,
			"children": [41, 42, 43, 44, 45, 46, 47, 48, 49, 50, 51, 52, 53, 54, 55, 56, 57, 58, 59, 60, 61, 62, 63]
		},
		{
			"name": "group",
			"origin": [0, -4, 0],
			"color": 0,
			"children": [64, 65, 66, 67, 68, 69, 70, 71, 72, 73, 74, 75, 76, 77, 78, 79, 80, 81]
		}
	]
}