{
	"credit": "Made with Blockbench",
	"texture_size": [64, 64],
	"textures": {
		"1": "./mask"
	},
	"elements": [
		{
			"from": [4, 0, 7],
			"to": [12, 5, 12],
			"faces": {
				"north": {"uv": [9.5, 2, 10.5, 3.25], "texture": "#1"},
				"east": {"uv": [4, 0.5, 5.25, 1.75], "texture": "#1"},
				"south": {"uv": [7.75, 0, 9.75, 1.25], "texture": "#1"},
				"west": {"uv": [5.25, 0.5, 4, 1.75], "texture": "#1"},
				"up": {"uv": [0, 4, 2, 5.5], "texture": "#1"},
				"down": {"uv": [10, 4.5, 10.25, 6.25], "texture": "#1"}
			}
		},
		{
			"from": [4, 0, 4],
			"to": [12, 3, 7],
			"faces": {
				"north": {"uv": [0, 1.75, 2, 2.5], "texture": "#1"},
				"east": {"uv": [2, 0, 2.5, 0.75], "texture": "#1"},
				"south": {"uv": [0, 1, 2, 1.75], "texture": "#1"},
				"west": {"uv": [2, 0, 2.5, 0.75], "texture": "#1"},
				"up": {"uv": [0, 0, 2, 0.5], "texture": "#1"},
				"down": {"uv": [0, 2.75, 2, 3.25], "texture": "#1"}
			}
		}
	],
	"display": {
		"thirdperson_righthand": {
			"rotation": [75, 45, 0],
			"translation": [-1.75, 0.75, 1.75],
			"scale": [0.5, 0.375, 0.375]
		},
		"thirdperson_lefthand": {
			"rotation": [75, 45, 0],
			"translation": [-1.75, 0.75, 1.75],
			"scale": [0.375, 0.375, 0.375]
		},
		"firstperson_righthand": {
			"rotation": [0, 0, 15],
			"translation": [1.13, 3.2, 1.13],
			"scale": [0.68, 0.68, 0.68]
		},
		"firstperson_lefthand": {
			"rotation": [0, 0, 15],
			"translation": [1.13, 3.2, 1.13],
			"scale": [0.68, 0.68, 0.68]
		},
		"ground": {
			"translation": [0, 3, 0],
			"scale": [0.25, 0.25, 0.25]
		},
		"gui": {
			"rotation": [30, 225, 0],
			"translation": [-1, 4.75, 0],
			"scale": [0.9, 0.9, 0.9]
		},
		"head": {
			"translation": [0, 6.5, 0],
			"scale": [1.65, 1.65, 1.65]
		},
		"fixed": {
			"translation": [0, 6.5, 1.25],
			"scale": [1.3, 1.3, 1.3]
		}
	}
}