{
	"credit": "Made with Blockbench",
	"texture_size": [32, 32],
	"textures": {
		"0": "./snowman",
		"particle": "./snowman"
	},
	"elements": [
		{
			"from": [4, 0, 4],
			"to": [12, 8, 12],
			"faces": {
				"north": {"uv": [0, 0, 4, 4], "texture": "#0"},
				"east": {"uv": [0, 4, 4, 8], "texture": "#0"},
				"south": {"uv": [4, 0, 8, 4], "texture": "#0"},
				"west": {"uv": [4, 4, 8, 8], "texture": "#0"},
				"up": {"uv": [4, 12, 0, 8], "texture": "#0"},
				"down": {"uv": [12, 0, 8, 4], "texture": "#0"}
			}
		},
		{
			"from": [9, 6, 3.5],
			"to": [10, 7, 5.5],
			"faces": {
				"north": {"uv": [11.76923, 11.30769, 11.88462, 11.46154], "texture": "#0"},
				"east": {"uv": [10.5, 12.23077, 10.73077, 12.38462], "texture": "#0"},
				"south": {"uv": [11.76923, 11.61538, 11.88462, 11.76923], "texture": "#0"},
				"west": {"uv": [11.42308, 11, 11.65385, 11.15385], "texture": "#0"},
				"up": {"uv": [11.53846, 11.46154, 11.42308, 11.15385], "texture": "#0"},
				"down": {"uv": [10.84615, 12.23077, 10.73077, 12.53846], "texture": "#0"}
			}
		},
		{
			"from": [6, 5, 3.5],
			"to": [7, 6, 5.5],
			"faces": {
				"north": {"uv": [11.76923, 11.76923, 11.88462, 11.92308], "texture": "#0"},
				"east": {"uv": [10.84615, 12.23077, 11.07692, 12.38462], "texture": "#0"},
				"south": {"uv": [11.19231, 12.69231, 11.30769, 12.84615], "texture": "#0"},
				"west": {"uv": [11.42308, 11.46154, 11.65385, 11.61538], "texture": "#0"},
				"up": {"uv": [11.53846, 11.92308, 11.42308, 11.61538], "texture": "#0"},
				"down": {"uv": [11.19231, 12.23077, 11.07692, 12.53846], "texture": "#0"}
			}
		},
		{
			"from": [6, 1, 3.5],
			"to": [7, 2, 5.5],
			"faces": {
				"north": {"uv": [11.76923, 12.07692, 11.88462, 12.23077], "texture": "#0"},
				"east": {"uv": [11.19231, 12.23077, 11.42308, 12.38462], "texture": "#0"},
				"south": {"uv": [11.42308, 12.69231, 11.53846, 12.84615], "texture": "#0"},
				"west": {"uv": [11.42308, 11.92308, 11.65385, 12.07692], "texture": "#0"},
				"up": {"uv": [11.53846, 12.38462, 11.42308, 12.07692], "texture": "#0"},
				"down": {"uv": [10.61538, 12.38462, 10.5, 12.69231], "texture": "#0"}
			}
		},
		{
			"from": [7, 1, 3.5],
			"to": [8, 2, 5.5],
			"faces": {
				"north": {"uv": [11.76923, 12.23077, 11.88462, 12.38462], "texture": "#0"},
				"east": {"uv": [11.53846, 11.15385, 11.76923, 11.30769], "texture": "#0"},
				"south": {"uv": [11.53846, 12.69231, 11.65385, 12.84615], "texture": "#0"},
				"west": {"uv": [11.53846, 11.30769, 11.76923, 11.46154], "texture": "#0"},
				"up": {"uv": [10.73077, 12.69231, 10.61538, 12.38462], "texture": "#0"},
				"down": {"uv": [10.96154, 12.38462, 10.84615, 12.69231], "texture": "#0"}
			}
		},
		{
			"from": [5, 2, 3.5],
			"to": [6, 3, 5.5],
			"faces": {
				"north": {"uv": [11.76923, 12.38462, 11.88462, 12.53846], "texture": "#0"},
				"east": {"uv": [11.53846, 11.61538, 11.76923, 11.76923], "texture": "#0"},
				"south": {"uv": [11.76923, 12.53846, 11.88462, 12.69231], "texture": "#0"},
				"west": {"uv": [11.53846, 11.76923, 11.76923, 11.92308], "texture": "#0"},
				"up": {"uv": [11.07692, 12.69231, 10.96154, 12.38462], "texture": "#0"},
				"down": {"uv": [11.30769, 12.38462, 11.19231, 12.69231], "texture": "#0"}
			}
		},
		{
			"from": [9, 1, 3.5],
			"to": [10, 2, 5.5],
			"faces": {
				"north": {"uv": [11.76923, 12.69231, 11.88462, 12.84615], "texture": "#0"},
				"east": {"uv": [11.30769, 12.38462, 11.53846, 12.53846], "texture": "#0"},
				"south": {"uv": [10.5, 12.84615, 10.61538, 13], "texture": "#0"},
				"west": {"uv": [11.53846, 12.07692, 11.76923, 12.23077], "texture": "#0"},
				"up": {"uv": [11.65385, 12.53846, 11.53846, 12.23077], "texture": "#0"},
				"down": {"uv": [10.84615, 12.53846, 10.73077, 12.84615], "texture": "#0"}
			}
		},
		{
			"from": [8, 1, 3.5],
			"to": [9, 2, 5.5],
			"faces": {
				"north": {"uv": [11.88462, 11, 12, 11.15385], "texture": "#0"},
				"east": {"uv": [11.65385, 11, 11.88462, 11.15385], "texture": "#0"},
				"south": {"uv": [10.61538, 12.84615, 10.73077, 13], "texture": "#0"},
				"west": {"uv": [11.65385, 11.46154, 11.88462, 11.61538], "texture": "#0"},
				"up": {"uv": [11.19231, 12.84615, 11.07692, 12.53846], "texture": "#0"},
				"down": {"uv": [11.42308, 12.53846, 11.30769, 12.84615], "texture": "#0"}
			}
		},
		{
			"from": [10, 2, 3.5],
			"to": [11, 3, 5.5],
			"faces": {
				"north": {"uv": [10.73077, 12.84615, 10.84615, 13], "texture": "#0"},
				"east": {"uv": [11.65385, 11.92308, 11.88462, 12.07692], "texture": "#0"},
				"south": {"uv": [11.88462, 11.30769, 12, 11.46154], "texture": "#0"},
				"west": {"uv": [11.42308, 12.53846, 11.65385, 12.69231], "texture": "#0"},
				"up": {"uv": [11.76923, 12.53846, 11.65385, 12.23077], "texture": "#0"},
				"down": {"uv": [11.76923, 12.53846, 11.65385, 12.84615], "texture": "#0"}
			}
		},
		{
			"from": [10, 3, 3.5],
			"to": [11, 4, 5.5],
			"faces": {
				"north": {"uv": [11.88462, 11.46154, 12, 11.61538], "texture": "#0"},
				"east": {"uv": [10.5, 12.69231, 10.73077, 12.84615], "texture": "#0"},
				"south": {"uv": [11.88462, 11.61538, 12, 11.76923], "texture": "#0"},
				"west": {"uv": [11.76923, 11.15385, 12, 11.30769], "texture": "#0"},
				"up": {"uv": [10.96154, 13, 10.84615, 12.69231], "texture": "#0"},
				"down": {"uv": [11.07692, 12.69231, 10.96154, 13], "texture": "#0"}
			}
		}
	],
	"display": {
		"thirdperson_righthand": {
			"rotation": [0, 146, 0],
			"translation": [0, 4, 0],
			"scale": [0.5, 0.5, 0.5]
		},
		"thirdperson_lefthand": {
			"rotation": [0, 133, 0],
			"translation": [0, 4, 0],
			"scale": [0.5, 0.5, 0.5]
		},
		"firstperson_righthand": {
			"rotation": [-21, 148, 0],
			"translation": [-1, 4.75, -0.25],
			"scale": [0.5, 0.5, 0.5]
		},
		"firstperson_lefthand": {
			"rotation": [153.85, 36.8, -167.69],
			"translation": [0, 5, 0],
			"scale": [0.5, 0.5, 0.5]
		},
		"ground": {
			"translation": [0, 5.75, 0]
		},
		"gui": {
			"rotation": [30, 225, 0],
			"translation": [0, 3.5, 0]
		},
		"head": {
			"translation": [0, 7.5, 0],
			"scale": [2, 2, 2]
		},
		"fixed": {
			"translation": [0, 5.25, -3.75],
			"scale": [1.3, 1.3, 1.3]
		}
	}
}