{
	"credit": "Made with Blockbench",
	"texture_size": [32, 32],
	"textures": {
		"0": "item/pepeland/carved_pumpkin/part_1/bender/bender",
		"particle": "item/pepeland/carved_pumpkin/part_1/bender/bender"
	},
	"elements": [
		{
			"from": [7, 12, 7],
			"to": [9, 13, 9],
			"rotation": {"angle": 0, "axis": "y", "origin": [3, -5, 4]},
			"faces": {
				"north": {"uv": [12.5, 8, 13.5, 8.5], "texture": "#0"},
				"east": {"uv": [12.5, 8.5, 13.5, 9], "texture": "#0"},
				"south": {"uv": [12.5, 12, 13.5, 12.5], "texture": "#0"},
				"west": {"uv": [12.5, 12.5, 13.5, 13], "texture": "#0"},
				"up": {"uv": [13, 10, 12, 9], "texture": "#0"},
				"down": {"uv": [10.5, 12, 9.5, 13], "texture": "#0"}
			}
		},
		{
			"from": [4, 0, 4],
			"to": [12, 12, 12],
			"rotation": {"angle": 0, "axis": "y", "origin": [4, 0, 4]},
			"faces": {
				"north": {"uv": [0, 6, 4, 12], "texture": "#0"},
				"east": {"uv": [4, 6, 8, 12], "texture": "#0"},
				"south": {"uv": [8, 6, 12, 12], "texture": "#0"},
				"west": {"uv": [9, 0, 13, 6], "texture": "#0"},
				"up": {"uv": [4, 16, 0, 12], "texture": "#0"},
				"down": {"uv": [8, 12, 4, 16], "texture": "#0"}
			}
		},
		{
			"from": [7.5, 12, 7.5],
			"to": [8.5, 18, 8.5],
			"rotation": {"angle": 0, "axis": "y", "origin": [2.5, 0, 3.5]},
			"faces": {
				"north": {"uv": [12, 6, 12.5, 9], "texture": "#0"},
				"east": {"uv": [8, 12, 8.5, 15], "texture": "#0"},
				"south": {"uv": [8.5, 12, 9, 15], "texture": "#0"},
				"west": {"uv": [9, 12, 9.5, 15], "texture": "#0"},
				"up": {"uv": [13.5, 0.5, 13, 0], "texture": "#0"},
				"down": {"uv": [13.5, 0.5, 13, 1], "texture": "#0"}
			}
		},
		{
			"from": [7, 18, 7],
			"to": [9, 20, 9],
			"rotation": {"angle": 0, "axis": "y", "origin": [3, 1, 4]},
			"faces": {
				"north": {"uv": [12, 10, 13, 11], "texture": "#0"},
				"east": {"uv": [10.5, 12, 11.5, 13], "texture": "#0"},
				"south": {"uv": [12, 11, 13, 12], "texture": "#0"},
				"west": {"uv": [11.5, 12, 12.5, 13], "texture": "#0"},
				"up": {"uv": [13.5, 7, 12.5, 6], "texture": "#0"},
				"down": {"uv": [13.5, 7, 12.5, 8], "texture": "#0"}
			}
		}
	],
	"display": {
		"thirdperson_righthand": {
			"translation": [0, 3.75, 0],
			"scale": [0.65, 0.65, 0.65]
		},
		"thirdperson_lefthand": {
			"translation": [0, 3.75, 0],
			"scale": [0.65, 0.65, 0.65]
		},
		"firstperson_righthand": {
			"rotation": [0, 121, 0],
			"translation": [0, 5.5, 0],
			"scale": [0.67, 0.67, 0.67]
		},
		"firstperson_lefthand": {
			"rotation": [0, 121, 0],
			"translation": [0, 5.5, 0],
			"scale": [0.67, 0.67, 0.67]
		},
		"ground": {
			"translation": [0, 2.25, 0],
			"scale": [0.59, 0.59, 0.59]
		},
		"gui": {
			"rotation": [33, -133, 0],
			"translation": [0, -0.25, 0],
			"scale": [0.64, 0.64, 0.64]
		},
		"head": {
			"translation": [0, 7, 0],
			"scale": [1.9, 1.9, 1.9]
		},
		"fixed": {
			"rotation": [-90, 0, 0],
			"translation": [0, 0, -13.75],
			"scale": [1.72, 1.72, 1.72]
		}
	},
	"groups": [
		{
			"name": "group",
			"origin": [0.5, 1, 0.5],
			"color": 0,
			"children": [0, 1, 2, 3]
		}
	]
}