{
	"credit": "Made with Blockbench",
	"texture_size": [64, 64],
	"textures": {
		"0": "item/pepeland/carved_pumpkin/part_1/witch/witch",
		"particle": "item/pepeland/carved_pumpkin/part_1/witch/witch"
	},
	"elements": [
		{
			"from": [0, 0, 0],
			"to": [16, 0, 16],
			"faces": {
				"north": {"uv": [0, 0, 4, 0], "texture": "#0"},
				"east": {"uv": [0, 0, 4, 0], "texture": "#0"},
				"south": {"uv": [0, 0, 4, 0], "texture": "#0"},
				"west": {"uv": [0, 0, 4, 0], "texture": "#0"},
				"up": {"uv": [4, 4, 0, 0], "texture": "#0"},
				"down": {"uv": [0, 0, 4, 4], "texture": "#0"}
			}
		},
		{
			"from": [2, 0.01, 2],
			"to": [14, 1.01, 14],
			"faces": {
				"north": {"uv": [3, 4, 6, 4.25], "texture": "#0"},
				"east": {"uv": [4, 3, 7, 3.25], "texture": "#0"},
				"south": {"uv": [4, 3.25, 7, 3.5], "texture": "#0"},
				"west": {"uv": [4, 3.5, 7, 3.75], "texture": "#0"},
				"up": {"uv": [3, 7, 0, 4], "texture": "#0"},
				"down": {"uv": [7, 0, 4, 3], "texture": "#0"}
			}
		},
		{
			"from": [3, 1, 3],
			"to": [13, 3, 13],
			"faces": {
				"north": {"uv": [6, 3.75, 8.5, 4.25], "texture": "#0"},
				"east": {"uv": [3, 6.75, 5.5, 7.25], "texture": "#0"},
				"south": {"uv": [5.5, 6.75, 8, 7.25], "texture": "#0"},
				"west": {"uv": [0, 7, 2.5, 7.5], "texture": "#0"},
				"up": {"uv": [5.5, 6.75, 3, 4.25], "texture": "#0"},
				"down": {"uv": [8, 4.25, 5.5, 6.75], "texture": "#0"}
			}
		},
		{
			"from": [4, 1.5, 5.25],
			"to": [12, 6.5, 12.25],
			"rotation": {"angle": 22.5, "axis": "x", "origin": [8, 5, 8]},
			"faces": {
				"north": {"uv": [2.5, 7.25, 4.5, 8.5], "texture": "#0"},
				"east": {"uv": [6.5, 7.25, 8.25, 8.5], "texture": "#0"},
				"south": {"uv": [4.5, 7.25, 6.5, 8.5], "texture": "#0"},
				"west": {"uv": [0, 7.5, 1.75, 8.75], "texture": "#0"},
				"up": {"uv": [9, 1.75, 7, 0], "texture": "#0"},
				"down": {"uv": [9, 1.75, 7, 3.5], "texture": "#0"}
			}
		},
		{
			"from": [5, 5.06075, 7.45828],
			"to": [11, 8.06075, 12.45828],
			"rotation": {"angle": 45, "axis": "x", "origin": [8, 6.56075, 9.45828]},
			"faces": {
				"north": {"uv": [8.25, 6.75, 9.75, 7.5], "texture": "#0"},
				"east": {"uv": [8.25, 8.25, 9.5, 9], "texture": "#0"},
				"south": {"uv": [8.25, 7.5, 9.75, 8.25], "texture": "#0"},
				"west": {"uv": [1.75, 8.5, 3, 9.25], "texture": "#0"},
				"up": {"uv": [9.5, 5.5, 8, 4.25], "texture": "#0"},
				"down": {"uv": [9.5, 5.5, 8, 6.75], "texture": "#0"}
			}
		},
		{
			"from": [6, 5.06075, 10.20828],
			"to": [10, 8.06075, 14.20828],
			"rotation": {"angle": -22.5, "axis": "x", "origin": [8, 6.56075, 9.45828]},
			"faces": {
				"north": {"uv": [8.5, 3.5, 9.5, 4.25], "texture": "#0"},
				"east": {"uv": [5, 8.5, 6, 9.25], "texture": "#0"},
				"south": {"uv": [6, 8.5, 7, 9.25], "texture": "#0"},
				"west": {"uv": [7, 8.5, 8, 9.25], "texture": "#0"},
				"up": {"uv": [4, 9.5, 3, 8.5], "texture": "#0"},
				"down": {"uv": [5, 8.5, 4, 9.5], "texture": "#0"}
			}
		}
	],
	"display": {
		"thirdperson_righthand": {
			"translation": [0, 3, -2.75],
			"scale": [0.43, 0.43, 0.43]
		},
		"thirdperson_lefthand": {
			"translation": [0, 3, -2.75],
			"scale": [0.43, 0.43, 0.43]
		},
		"firstperson_righthand": {
			"translation": [0, 5.25, 0],
			"scale": [0.67, 0.67, 0.67]
		},
		"firstperson_lefthand": {
			"translation": [0, 5.25, 0],
			"scale": [0.67, 0.67, 0.67]
		},
		"ground": {
			"translation": [0, 2.5, 0],
			"scale": [0.64, 0.64, 0.64]
		},
		"gui": {
			"rotation": [37, -138, 0],
			"translation": [0, 2.25, 0],
			"scale": [0.68, 0.68, 0.68]
		},
		"head": {
			"translation": [0, 15.25, 0],
			"scale": [1.5, 1.5, 1.5]
		},
		"fixed": {
			"rotation": [-90, 0, 0],
			"translation": [0, 0, -12.5],
			"scale": [1.54, 1.54, 1.54]
		}
	}
}